<?xml version="1.0" encoding="UTF-8" standalone="yes"?>
<addon id="plugin.video.filmx" version="1.2.0" name="[COLOR lime]ITALIA[/COLOR] FILMS [COLOR red][B]HUB[/B][/COLOR]" provider-name="Mr Andrea">
    <requires>
        <import addon="xbmc.python" version="2.1.0"/>
        <import addon="script.module.TheYid.common" version="0.1.1"/>
        <import addon="script.module.urlresolver"  version="2.0.9"/>
        <import addon="script.module.simplejson" version="3.3.0"/>
    </requires>
    <extension point="xbmc.python.pluginsource" library="default.py">
        <provides>video</provides>
    </extension>
    <extension point="xbmc.addon.metadata">
        <summary>All in one SUPER ADDON for THE FAMILY</summary>
        <description>Play a wide selection of scene release movies and Tv shows</description>
        <platform>all</platform>
	 <website></website>
        <forum></forum>
	 <email></email>
        <disclaimer lang="en">[COLOR red][B][I] Mr Andrea [/B][/I][/COLOR]</disclaimer>
    </extension>
</addon>