<?xml version="1.0" encoding="utf-8"?><shortcuts>
	<shortcut>
		<defaultID>settings</defaultID>
		<label>10004</label>
		<label2>Settings</label2>
		<icon>special://skin/extras/icons/settings.png</icon>
		<thumb/>
		<action>ActivateWindow(Settings)</action>
	</shortcut>
	<shortcut>
		<defaultID>31210</defaultID>
		<label>$SKIN[31210|skin.refocus|Customize home]</label>
		<label2>Common Shortcut</label2>
		<icon>DefaultShortcut.png</icon>
		<thumb/>
		<action>RunScript(script.skinshortcuts,type=manage&amp;nolabels=True&amp;group=mainmenu)</action>
	</shortcut>
	<shortcut>
		<defaultID>10007</defaultID>
		<label>10007</label>
		<label2>Common Shortcut</label2>
		<icon>special://skin/extras/icons/sysinfo.png</icon>
		<thumb/>
		<action>ActivateWindow(SystemInfo)</action>
	</shortcut>
	<shortcut>
		<defaultID/>
		<label>Maintenance</label>
		<label2>Program</label2>
		<icon>DefaultShortcut.png</icon>
		<thumb>image://C%3a%5cUsers%5candrea%5cAppData%5cRoaming%5cKodi%5caddons%5cscript.rawmaintenance%5cmedia%5cmaintenance.png/</thumb>
		<action>ActivateWindow(10001,&quot;plugin://script.rawmaintenance/?url=url&amp;mode=5&amp;name=Maintenance&quot;,return)</action>
	</shortcut>
	<shortcut>
		<defaultID>script.thumbnailscleaner</defaultID>
		<label>Thumbnails Cleaner</label>
		<label2>Program</label2>
		<icon>DefaultAddon.png</icon>
		<thumb>image://C%3a%5cUsers%5candrea%5cAppData%5cRoaming%5cKodi%5caddons%5cscript.thumbnailscleaner%5cicon.png/</thumb>
		<action>RunAddOn(script.thumbnailscleaner)</action>
	</shortcut>
	<shortcut>
		<defaultID>script.areswizard</defaultID>
		<label>Ares Wizard</label>
		<label2>Program</label2>
		<icon>DefaultShortcut.png</icon>
		<thumb>image://C%3a%5cUsers%5candrea%5cAppData%5cRoaming%5cKodi%5caddons%5cscript.areswizard%5cicon.png/</thumb>
		<action>ActivateWindow(10001,&quot;plugin://script.areswizard&quot;,return)</action>
	</shortcut>
	<shortcut>
		<defaultID>plugin.video.schismwizard</defaultID>
		<label>SchisM TV Wizard</label>
		<label2>Program</label2>
		<icon>DefaultShortcut.png</icon>
		<thumb>image://C%3a%5cUsers%5candrea%5cAppData%5cRoaming%5cKodi%5caddons%5cplugin.video.schismwizard%5cicon.png/</thumb>
		<action>ActivateWindow(10001,&quot;plugin://plugin.video.schismwizard&quot;,return)</action>
	</shortcut>
	<shortcut>
		<defaultID>plugin.video.Schismbuildhelp</defaultID>
		<label>Help and Info</label>
		<label2>Video Add-On</label2>
		<icon>DefaultShortcut.png</icon>
		<thumb>image://C%3a%5cUsers%5candrea%5cAppData%5cRoaming%5cKodi%5caddons%5cplugin.video.Schismbuildhelp%5cicon.png/</thumb>
		<action>ActivateWindow(10025,&quot;plugin://plugin.video.Schismbuildhelp&quot;,return)</action>
	</shortcut>
	<shortcut>
		<defaultID>plugin.program.totalinstaller</defaultID>
		<label>Community Portal</label>
		<label2>Program</label2>
		<icon>DefaultShortcut.png</icon>
		<thumb>image://C%3a%5cUsers%5candrea%5cAppData%5cRoaming%5cKodi%5caddons%5cplugin.program.totalinstaller%5cicon.png/</thumb>
		<action>ActivateWindow(10001,&quot;plugin://plugin.program.totalinstaller&quot;,return)</action>
	</shortcut>
</shortcuts>