<?xml version="1.0" encoding="utf-8"?><shortcuts>
	<shortcut>
		<defaultID>32046</defaultID>
		<label>32046</label>
		<label2>Kodi Command</label2>
		<icon>special://skin/extras/icons/update.png</icon>
		<thumb/>
		<action>UpdateLibrary(video,,true)</action>
	</shortcut>
	<shortcut>
		<defaultID>32055</defaultID>
		<label>32055</label>
		<label2>Kodi Command</label2>
		<icon>special://skin/extras/icons/wand.png</icon>
		<thumb/>
		<action>CleanLibrary(video,true)</action>
	</shortcut>
	<shortcut>
		<defaultID>744</defaultID>
		<label>Library Sources</label>
		<label2>Custom shortcut</label2>
		<icon>special://skin/extras/icons/files.png</icon>
		<thumb/>
		<action>ActivateWindow(10025,&quot;library://video/files.xml/&quot;,return)</action>
	</shortcut>
</shortcuts>