<?xml version="1.0" encoding="utf-8"?><shortcuts>
	<shortcut>
		<defaultID>0</defaultID>
		<label>0</label>
		<label2>Shortcut</label2>
		<icon>DefaultAddonProgram.png</icon>
		<thumb/>
		<action>ActivateWindow(Programs,return)</action>
	</shortcut>
	<shortcut>
		<defaultID>24001</defaultID>
		<label>Video Addons</label>
		<label2>Shortcut</label2>
		<icon>DefaultAddonVideo.png</icon>
		<thumb/>
		<action>ActivateWindow(Videos,Addons,return)</action>
	</shortcut>
	<shortcut>
		<defaultID>24033</defaultID>
		<label>24033</label>
		<label2>Shortcut</label2>
		<icon>DefaultShortcut.png</icon>
		<thumb/>
		<action>ActivateWindow(Addonbrowser,addons://repos/,return)</action>
	</shortcut>
	<shortcut>
		<defaultID>10040</defaultID>
		<label>Available Updates</label>
		<label2>Custom shortcut</label2>
		<icon>special://skin/extras/hometiles/addons.png</icon>
		<thumb/>
		<action>ActivateWindow(Addonbrowser,addons://outdated/,return)</action>
	</shortcut>
</shortcuts>