<?xml version="1.0" encoding="utf-8"?><shortcuts>
	<shortcut>
		<defaultID>plugin.video.phstreams</defaultID>
		<label>Phoenix</label>
		<label2>Video Add-On</label2>
		<icon>DefaultShortcut.png</icon>
		<thumb>special://profile/addon_data/script.skinshortcuts/skin.kover-thumb-plugin.video.phstreams.png</thumb>
		<action>ActivateWindow(10025,&quot;plugin://plugin.video.phstreams&quot;,return)</action>
	</shortcut>
	<shortcut>
		<defaultID>plugin.video.ukturk</defaultID>
		<label>UK Turk Playlists</label>
		<label2>Video Add-On</label2>
		<icon>DefaultShortcut.png</icon>
		<thumb>special://profile/addon_data/script.skinshortcuts/skin.kover-thumb-plugin.video.ukturk.png</thumb>
		<action>ActivateWindow(10025,&quot;plugin://plugin.video.ukturk&quot;,return)</action>
	</shortcut>
	<shortcut>
		<defaultID>plugin.video.morepower</defaultID>
		<label>MorePower</label>
		<label2>Video Add-On</label2>
		<icon>DefaultShortcut.png</icon>
		<thumb>special://profile/addon_data/script.skinshortcuts/skin.kover-thumb-plugin.video.morepower.png</thumb>
		<action>ActivateWindow(10025,&quot;plugin://plugin.video.morepower&quot;,return)</action>
	</shortcut>
	<shortcut>
		<defaultID/>
		<label>Boxsets</label>
		<label2>Video Add-On</label2>
		<icon>DefaultShortcut.png</icon>
		<thumb>special://profile/addon_data/script.skinshortcuts/skin.kover-thumb-Boxsets.png</thumb>
		<action>ActivateWindow(10025,&quot;plugin://plugin.program.super.favourites/?label=Boxsets&amp;mode=400&amp;path=special%3A%2F%2Fprofile%2Faddon_data%2Fplugin.program.super.favourites%2FSuper+Favourites%5CBoxsets&amp;image=http%3A%2F%2Fs6.postimg.org%2Fvls13i9s1%2FBoxsets.png&amp;fanart=special%3A%2F%2Fhome%2Fuserdata%5CBackgrounds%5CAll+Add-ons%5Cspinztviron.jpg&quot;,return)</action>
	</shortcut>
	<shortcut>
		<defaultID>classicmovies</defaultID>
		<label>Classic Movies</label>
		<label2>Favourite</label2>
		<icon>DefaultFolder.png</icon>
		<thumb>special://profile/addon_data/script.skinshortcuts/skin.kover-thumb-classicmovies.jpg</thumb>
		<action>ActivateWindow(10025,&quot;plugin://plugin.video.ukturk/?description&amp;iconimage=http%3a%2f%2fmetalkettle.co%2fUKTurk2%2fthumbs%2fUK%20TURK%20old%20movies.jpg&amp;mode=1&amp;name=Classic%20Movies&amp;url=http%3a%2f%2fmetalkettle.co%2fUKTurk2%2fmovies%2fIndex.txt&quot;,return)</action>
	</shortcut>
	<shortcut>
		<defaultID>bestpictureoscars</defaultID>
		<label>Oscar Winners</label>
		<label2>Favourite</label2>
		<icon>DefaultFolder.png</icon>
		<thumb>special://profile/addon_data/script.skinshortcuts/skin.kover-thumb-bestpictureoscars.jpg</thumb>
		<action>ActivateWindow(10025,&quot;plugin://plugin.video.phstreams/?action=ndmode&amp;audio=0&amp;content=0&amp;fanart=http%3a%2f%2fimg05.deviantart.net%2f6db8%2fi%2f2013%2f337%2fb%2ff%2fuprising_of_the_mockingjay_by_sikundoto-d6wm4rz.jpg&amp;image=http%3a%2f%2fs16.postimg.org%2fdmwumzm1x%2foscars.jpg&amp;name=Best%20Picture%20Oscars&amp;playable=false&amp;tvshow=0&amp;url=http%3a%2f%2fgibraltar.watchkodi.com%2fCollections%2foscars.xml&quot;,return)</action>
	</shortcut>
	<shortcut>
		<defaultID>plugin.video.ytsf</defaultID>
		<label>Science Fiction</label>
		<label2>Video Add-On</label2>
		<icon>DefaultShortcut.png</icon>
		<thumb>special://profile/addon_data/script.skinshortcuts/skin.kover-thumb-plugin.video.ytsf.png</thumb>
		<action>ActivateWindow(10025,&quot;plugin://plugin.video.ytsf&quot;,return)</action>
	</shortcut>
	<shortcut>
		<defaultID>ultimatesci-ficollection</defaultID>
		<label>Ultimate Sci-Fi</label>
		<label2>Favourite</label2>
		<icon>DefaultFolder.png</icon>
		<thumb>special://profile/addon_data/script.skinshortcuts/skin.kover-thumb-ultimatesci-ficollection.jpg</thumb>
		<action>ActivateWindow(10025,&quot;plugin://plugin.video.phstreams/?action=ndmode&amp;audio=0&amp;content=0&amp;fanart=http%3a%2f%2fimg05.deviantart.net%2f6db8%2fi%2f2013%2f337%2fb%2ff%2fuprising_of_the_mockingjay_by_sikundoto-d6wm4rz.jpg&amp;image=http%3a%2f%2fs2.postimg.org%2f59sabq7mh%2fScience_Fiction.jpg&amp;name=Ultimate%20Sci-Fi%20Collection&amp;playable=false&amp;tvshow=0&amp;url=http%3a%2f%2fgibraltar.watchkodi.com%2fCollections%2fSciFi.xml&quot;,return)</action>
	</shortcut>
	<shortcut>
		<defaultID>aliens-ufo</defaultID>
		<label>Aliens &amp; UFO</label>
		<label2>Favourite</label2>
		<icon>DefaultFolder.png</icon>
		<thumb>special://profile/addon_data/script.skinshortcuts/skin.kover-thumb-aliens-ufo.jpg</thumb>
		<action>ActivateWindow(10025,&quot;plugin://plugin.video.phstreams/?action=ndmode&amp;audio=0&amp;content=0&amp;fanart=http%3a%2f%2fimg05.deviantart.net%2f6db8%2fi%2f2013%2f337%2fb%2ff%2fuprising_of_the_mockingjay_by_sikundoto-d6wm4rz.jpg&amp;image=http%3a%2f%2fs21.postimg.org%2feyyvr479z%2fAliens_Ufo.jpg&amp;name=Aliens%20%26%20UFO&amp;playable=false&amp;tvshow=0&amp;url=http%3a%2f%2fgibraltar.watchkodi.com%2fCollections%2fUFOs.xml&quot;,return)</action>
	</shortcut>
	<shortcut>
		<defaultID>colorwhite-futuristicmovies-moviesthattakeplaceinthefuture-1080pdd5-1-color</defaultID>
		<label>Futuristic Movies</label>
		<label2>Favourite</label2>
		<icon>special://skin/extras/icons/files.png</icon>
		<thumb>special://profile/addon_data/script.skinshortcuts/skin.kover-thumb-colorwhite-futuristicmovies-moviesthattakeplaceinthefuture-1080pdd5-1-color.jpg</thumb>
		<action>ActivateWindow(10025,&quot;plugin://plugin.video.morepower/?description&amp;iconimage=http%3a%2f%2fi62.tinypic.com%2fx1m15j.jpg&amp;mode=1&amp;name=%5bCOLOR%20white%5d%2a%2aFuturistic%20Movies%20(Movies%20that%20take%20place%20in%20the%20Future)%201080P%20DD5.1%5b%2fCOLOR%5d&amp;url=http%3a%2f%2fwww.navixtreme.com%2fplaylist%2f153170%2ffuturistic_movies_(movies_that_take_place_in_the_future)_1080p_dd5.1.plx&quot;,return)</action>
	</shortcut>
	<shortcut>
		<defaultID>disasters</defaultID>
		<label>Disasters Movies</label>
		<label2>Favourite</label2>
		<icon>DefaultFolder.png</icon>
		<thumb>special://profile/addon_data/script.skinshortcuts/skin.kover-thumb-disasters.jpg</thumb>
		<action>ActivateWindow(10025,&quot;plugin://plugin.video.phstreams/?action=ndmode&amp;audio=0&amp;content=0&amp;fanart=http%3a%2f%2fimg05.deviantart.net%2f6db8%2fi%2f2013%2f337%2fb%2ff%2fuprising_of_the_mockingjay_by_sikundoto-d6wm4rz.jpg&amp;image=http%3a%2f%2fs12.postimg.org%2fyvq72vn8d%2fDisasters.jpg&amp;name=DISASTERS&amp;playable=false&amp;tvshow=0&amp;url=http%3a%2f%2fgibraltar.watchkodi.com%2fCollections%2fdisaster.xml&quot;,return)</action>
	</shortcut>
	<shortcut>
		<defaultID>bestofturnerclassicmovies</defaultID>
		<label>Turner Classic</label>
		<label2>Favourite</label2>
		<icon>DefaultFolder.png</icon>
		<thumb>special://profile/addon_data/script.skinshortcuts/skin.kover-thumb-bestofturnerclassicmovies.jpg</thumb>
		<action>ActivateWindow(10025,&quot;plugin://plugin.video.phstreams/?action=ndmode&amp;audio=0&amp;content=0&amp;fanart=http%3a%2f%2fimg05.deviantart.net%2f6db8%2fi%2f2013%2f337%2fb%2ff%2fuprising_of_the_mockingjay_by_sikundoto-d6wm4rz.jpg&amp;image=http%3a%2f%2fs18.postimg.org%2fddmgoh4ix%2fBest_Of_TCM.jpg&amp;name=Best%20Of%20Turner%20Classic%20Movies&amp;playable=false&amp;tvshow=0&amp;url=http%3a%2f%2fgibraltar.watchkodi.com%2fCollections%2ftcm1940.xml&quot;,return)</action>
	</shortcut>
	<shortcut>
		<defaultID>plugin.video.tcm</defaultID>
		<label>TCM</label>
		<label2>Video Add-On</label2>
		<icon>DefaultShortcut.png</icon>
		<thumb>special://home\addons\plugin.video.tcm\icon.png</thumb>
		<action>ActivateWindow(10025,&quot;plugin://plugin.video.tcm&quot;,return)</action>
	</shortcut>
	<shortcut>
		<defaultID/>
		<label>Themes</label>
		<label2>Video Add-On</label2>
		<icon>DefaultShortcut.png</icon>
		<thumb>special://profile/addon_data/script.skinshortcuts/skin.kover-thumb-Themes.png</thumb>
		<action>ActivateWindow(10025,&quot;plugin://plugin.video.phstreams/?name=%5BCOLOR+orangered%5DT%5B%2FCOLOR%5D%5BCOLOR+white%5DHEMES%5B%2FCOLOR%5D&amp;url=http%3A%2F%2Fzenica.watchkodi.com%2FDirectories%2FMain%2520Directory%2FThemes%2520Main.xml&amp;audio=0&amp;image=http%3A%2F%2Fs6.postimg.org%2Fe62gfk075%2FThemes.png&amp;fanart=http%3A%2F%2Fs6.postimg.org%2F4ph8mo5q9%2FBackdrop.png&amp;playable=false&amp;tvshow=0&amp;content=0&amp;action=ndmode&quot;,return)</action>
	</shortcut>
	<shortcut>
		<defaultID>superheros</defaultID>
		<label>Superheros</label>
		<label2>Favourite</label2>
		<icon>DefaultFolder.png</icon>
		<thumb>special://profile/addon_data/script.skinshortcuts/skin.kover-thumb-superheros.jpg</thumb>
		<action>ActivateWindow(10025,&quot;plugin://plugin.video.phstreams/?action=ndmode&amp;audio=0&amp;content=0&amp;fanart=http%3a%2f%2fimg05.deviantart.net%2f6db8%2fi%2f2013%2f337%2fb%2ff%2fuprising_of_the_mockingjay_by_sikundoto-d6wm4rz.jpg&amp;image=http%3a%2f%2fs16.postimg.org%2fj55o41a11%2fSuper_Heros.jpg&amp;name=Superheros&amp;playable=false&amp;tvshow=0&amp;url=http%3a%2f%2fgibraltar.watchkodi.com%2fMovies%2fsuperhero.xml&quot;,return)</action>
	</shortcut>
	<shortcut>
		<defaultID>colororangered-h-color-colorwhite-eroes-color</defaultID>
		<label>Heroes</label>
		<label2>Favourite</label2>
		<icon>DefaultFolder.png</icon>
		<thumb>special://profile/addon_data/script.skinshortcuts/skin.kover-thumb-colororangered-h-color-colorwhite-eroes-color.png</thumb>
		<action>ActivateWindow(10025,&quot;plugin://plugin.video.phstreams/?action=ndmode&amp;audio=0&amp;content=0&amp;fanart=http%3a%2f%2fs6.postimg.org%2f4ph8mo5q9%2fBackdrop.png&amp;image=http%3a%2f%2fs6.postimg.org%2fhisbjb08x%2fHeroes.png&amp;name=%5bCOLOR%20orangered%5dH%5b%2fCOLOR%5d%5bCOLOR%20white%5dEROES%5b%2fCOLOR%5d&amp;playable=false&amp;tvshow=0&amp;url=http%3a%2f%2fzenica.watchkodi.com%2fThemes%2fSuperheroes.xml&quot;,return)</action>
	</shortcut>
	<shortcut>
		<defaultID/>
		<label>[COLOR red]HD[/COLOR] Westerns</label>
		<label2>Video Add-On</label2>
		<icon>DefaultShortcut.png</icon>
		<thumb>special://profile/addon_data/script.skinshortcuts/skin.kover-thumb-[COLOR red]HD[-COLOR] Westerns.jpg</thumb>
		<action>ActivateWindow(10025,&quot;plugin://plugin.video.phstreams/?name=%5BCOLOR+red%5DHD%5B%2FCOLOR%5D+Westerns&amp;url=http%3A%2F%2Fgibraltar.watchkodi.com%2FCollections%2FHDWestern.xml&amp;audio=0&amp;image=http%3A%2F%2Fs28.postimg.org%2Fu7semgdwd%2Fhd_Westerns.jpg&amp;fanart=http%3A%2F%2Fwallcomphd.com%2Fwp-content%2Fuploads%2F2015%2F06%2F3D-The-Hunger-Games-Mockingjay-Logo-Wallpaper.jpg&amp;playable=false&amp;tvshow=0&amp;content=0&amp;action=ndmode&quot;,return)</action>
	</shortcut>
	<shortcut>
		<defaultID>classicwesterncollection</defaultID>
		<label>Classic western</label>
		<label2>Favourite</label2>
		<icon>DefaultFolder.png</icon>
		<thumb>special://profile/addon_data/script.skinshortcuts/skin.kover-thumb-classicwesterncollection.png</thumb>
		<action>ActivateWindow(10025,&quot;plugin://plugin.video.phstreams/?action=ndmode&amp;audio=0&amp;content=0&amp;fanart=http%3a%2f%2fi.imgur.com%2fW7qRvEq.png&amp;image=http%3a%2f%2fi.imgur.com%2fR5pJBEs.png&amp;name=Classic%20western%20collection&amp;playable=false&amp;tvshow=0&amp;url=http%3a%2f%2ftuzla.watchkodi.com%2fWestern%2520collection.xml&quot;,return)</action>
	</shortcut>
	<shortcut>
		<defaultID>bestwesterns</defaultID>
		<label>Best Westerns</label>
		<label2>Favourite</label2>
		<icon>DefaultFolder.png</icon>
		<thumb>special://profile/addon_data/script.skinshortcuts/skin.kover-thumb-bestwesterns.jpg</thumb>
		<action>ActivateWindow(10025,&quot;plugin://plugin.video.phstreams/?action=ndmode&amp;audio=0&amp;content=0&amp;fanart=http%3a%2f%2fimg05.deviantart.net%2f6db8%2fi%2f2013%2f337%2fb%2ff%2fuprising_of_the_mockingjay_by_sikundoto-d6wm4rz.jpg&amp;image=http%3a%2f%2fs27.postimg.org%2fse0q1fawj%2fWesterns.jpg&amp;name=Best%20Westerns&amp;playable=false&amp;tvshow=0&amp;url=http%3a%2f%2fgibraltar.watchkodi.com%2fCollections%2fwesterns.xml&quot;,return)</action>
	</shortcut>
	<shortcut>
		<defaultID>101gangstermoviesyoumustseebeforeyoudie</defaultID>
		<label>101 Gangster</label>
		<label2>Favourite</label2>
		<icon>DefaultFolder.png</icon>
		<thumb>special://profile/addon_data/script.skinshortcuts/skin.kover-thumb-101gangstermoviesyoumustseebeforeyoudie.jpg</thumb>
		<action>ActivateWindow(10025,&quot;plugin://plugin.video.phstreams/?action=ndmode&amp;audio=0&amp;content=0&amp;fanart=http%3a%2f%2fimg05.deviantart.net%2f6db8%2fi%2f2013%2f337%2fb%2ff%2fuprising_of_the_mockingjay_by_sikundoto-d6wm4rz.jpg&amp;image=http%3a%2f%2fs16.postimg.org%2f854szqtfp%2fGangsters101.jpg&amp;name=101%20Gangster%20Movies%20You%20Must%20See%20Before%20You%20Die&amp;playable=false&amp;tvshow=0&amp;url=http%3a%2f%2fgibraltar.watchkodi.com%2fAgangsters%2fGangsters_Directory.xml&quot;,return)</action>
	</shortcut>
	<shortcut>
		<defaultID>colororangered-g-color-colorwhite-angsters-color</defaultID>
		<label>Gangsters</label>
		<label2>Favourite</label2>
		<icon>DefaultFolder.png</icon>
		<thumb>special://profile/addon_data/script.skinshortcuts/skin.kover-thumb-colororangered-g-color-colorwhite-angsters-color.png</thumb>
		<action>ActivateWindow(10025,&quot;plugin://plugin.video.phstreams/?action=ndmode&amp;audio=0&amp;content=0&amp;fanart=http%3a%2f%2fs6.postimg.org%2f4ph8mo5q9%2fBackdrop.png&amp;image=http%3a%2f%2fs6.postimg.org%2fe0gbmwzcx%2fGangsters.png&amp;name=%5bCOLOR%20orangered%5dG%5b%2fCOLOR%5d%5bCOLOR%20white%5dANGSTERS%5b%2fCOLOR%5d&amp;playable=false&amp;tvshow=0&amp;url=http%3a%2f%2fzenica.watchkodi.com%2fThemes%2fOrganized%2520Crime.xml&quot;,return)</action>
	</shortcut>
	<shortcut>
		<defaultID>warfilms</defaultID>
		<label>War Movies</label>
		<label2>Favourite</label2>
		<icon>DefaultFolder.png</icon>
		<thumb>special://profile/addon_data/script.skinshortcuts/skin.kover-thumb-warfilms.jpg</thumb>
		<action>ActivateWindow(10025,&quot;plugin://plugin.video.phstreams/?action=ndmode&amp;audio=0&amp;content=0&amp;fanart=http%3a%2f%2fimg05.deviantart.net%2f6db8%2fi%2f2013%2f337%2fb%2ff%2fuprising_of_the_mockingjay_by_sikundoto-d6wm4rz.jpg&amp;image=http%3a%2f%2fs15.postimg.org%2f7leps5h7v%2fWar_Films.jpg&amp;name=WAR%20FILMS&amp;playable=false&amp;tvshow=0&amp;url=http%3a%2f%2fgibraltar.watchkodi.com%2fCollections%2fwar.xml&quot;,return)</action>
	</shortcut>
	<shortcut>
		<defaultID>colororangered-c-color-colorwhite-hristmas-color-colororangered-m-color-colorwhite-ovies-color</defaultID>
		<label>Christmas Movies</label>
		<label2>Favourite</label2>
		<icon>DefaultFolder.png</icon>
		<thumb>special://profile/addon_data/script.skinshortcuts/skin.confluence-thumb-colororangered-c-color-colorwhite-hristmas-color-colororangered-m-color-colorwhite-ovies-color.png</thumb>
		<action>ActivateWindow(10025,&quot;plugin://plugin.video.phstreams/?action=ndmode&amp;audio=0&amp;content=0&amp;fanart=http%3a%2f%2fs6.postimg.org%2f4ph8mo5q9%2fBackdrop.png&amp;image=http%3a%2f%2fs6.postimg.org%2f90f0ns0ap%2fX_Mas_Movies.png&amp;name=%5bCOLOR%20orangered%5dC%5b%2fCOLOR%5d%5bCOLOR%20white%5dHRISTMAS%5b%2fCOLOR%5d%20%5bCOLOR%20orangered%5dM%5b%2fCOLOR%5d%5bCOLOR%20white%5dOVIES%5b%2fCOLOR%5d&amp;playable=false&amp;tvshow=0&amp;url=http%3a%2f%2fzenica.watchkodi.com%2fThemes%2fChristmas%2520Movies.xml&quot;,return)</action>
	</shortcut>
	<shortcut>
		<defaultID>colororangered-m-color-colorwhite-artial-color-colororangered-a-color-colorwhite-rts-color</defaultID>
		<label>Martial Arts</label>
		<label2>Favourite</label2>
		<icon>DefaultFolder.png</icon>
		<thumb>special://profile/addon_data/script.skinshortcuts/skin.confluence-thumb-colororangered-m-color-colorwhite-artial-color-colororangered-a-color-colorwhite-rts-color.png</thumb>
		<action>ActivateWindow(10025,&quot;plugin://plugin.video.phstreams/?action=ndmode&amp;audio=0&amp;content=0&amp;fanart=http%3a%2f%2fs6.postimg.org%2f4ph8mo5q9%2fBackdrop.png&amp;image=http%3a%2f%2fs6.postimg.org%2fh4qzjpg5d%2fMartial_Arts.png&amp;name=%5bCOLOR%20orangered%5dM%5b%2fCOLOR%5d%5bCOLOR%20white%5dARTIAL%5b%2fCOLOR%5d%20%5bCOLOR%20orangered%5dA%5b%2fCOLOR%5d%5bCOLOR%20white%5dRTS%5b%2fCOLOR%5d&amp;playable=false&amp;tvshow=0&amp;url=http%3a%2f%2fzenica.watchkodi.com%2fThemes%2fMartial%2520Arts%2fMartialArts.xml&quot;,return)</action>
	</shortcut>
	<shortcut>
		<defaultID>colorwhite-b-ondemand-b-color</defaultID>
		<label>Zeus On Demand</label>
		<label2>Favourite</label2>
		<icon>special://skin/extras/icons/files.png</icon>
		<thumb>special://profile/addon_data/script.skinshortcuts/skin.confluence-thumb-colorwhite-b-ondemand-b-color.png</thumb>
		<action>ActivateWindow(10025,&quot;plugin://plugin.video.zeus/?description&amp;iconimage=http%3a%2f%2fs6.postimg.org%2f58nm6ux7l%2fomdemand.png&amp;mode=6&amp;name=%5bCOLOR%20white%5d%5bB%5dON%20DEMAND%5b%2fB%5d%5b%2fCOLOR%5d&amp;url=W0SftpLd&quot;,return)</action>
	</shortcut>
	<shortcut>
		<defaultID/>
		<label>Documentary</label>
		<label2>Music Add-On</label2>
		<icon>DefaultShortcut.png</icon>
		<thumb>special://profile/addon_data/script.skinshortcuts/skin.confluence-thumb-Documentary.jpg</thumb>
		<action>ActivateWindow(10501,&quot;plugin://plugin.program.super.favourites/?label=Documentary&amp;mode=400&amp;path=special%3A%2F%2Fprofile%2Faddon_data%2Fplugin.program.super.favourites%2FSuper+Favourites%5CDocumentary&amp;image=http%3A%2F%2Fs9.postimg.org%2Fuji4bvunj%2FBiography.jpg&amp;fanart=special%3A%2F%2Fhome%2Fuserdata%5CBackgrounds%5CAll+Add-ons%5Cspinztviron.jpg&quot;,return)</action>
	</shortcut>
	<shortcut>
		<defaultID>plugin.video.docuhub</defaultID>
		<label>Docu-Hub</label>
		<label2>Video Add-On</label2>
		<icon>DefaultShortcut.png</icon>
		<thumb>special://profile/addon_data/script.skinshortcuts/skin.confluence-thumb-plugin.video.docuhub.png</thumb>
		<action>ActivateWindow(10025,&quot;plugin://plugin.video.docuhub&quot;,return)</action>
	</shortcut>
	<shortcut>
		<defaultID>plugin.video.videophile</defaultID>
		<label>VideoPhile</label>
		<label2>Video Add-On</label2>
		<icon>DefaultShortcut.png</icon>
		<thumb>special://profile/addon_data/script.skinshortcuts/skin.confluence-thumb-plugin.video.videophile.png</thumb>
		<action>ActivateWindow(10025,&quot;plugin://plugin.video.videophile&quot;,return)</action>
	</shortcut>
	<shortcut>
		<defaultID/>
		<label>Standup</label>
		<label2>Music Add-On</label2>
		<icon>DefaultShortcut.png</icon>
		<thumb>/http://s6.postimg.org/5mj2hsrup/Stand_Up.png</thumb>
		<action>ActivateWindow(10501,&quot;plugin://plugin.program.super.favourites/?label=Standup&amp;mode=400&amp;path=special%3A%2F%2Fprofile%2Faddon_data%2Fplugin.program.super.favourites%2FSuper+Favourites%5CStandup&amp;image=http%3A%2F%2Fs6.postimg.org%2F5mj2hsrup%2FStand_Up.png&amp;fanart=special%3A%2F%2Fhome%2Fuserdata%5CBackgrounds%5CAll+Add-ons%5Cspinztviron.jpg&quot;,return)</action>
	</shortcut>
	<shortcut>
		<defaultID/>
		<label>Just For Laughs</label>
		<label2>Video Add-On</label2>
		<icon>DefaultShortcut.png</icon>
		<thumb>special://profile/addon_data/script.skinshortcuts/skin.confluence-thumb-Just For Laughs.jpg</thumb>
		<action>ActivateWindow(10025,&quot;plugin://plugin.video.phstreams/?name=Just+For+Laughs&amp;url=http%3A%2F%2Fgibraltar.watchkodi.com%2FCollections%2Fjustlaughs.xml&amp;audio=0&amp;image=http%3A%2F%2Fs29.postimg.org%2F4ona61h87%2FJust_For_Gags.jpg&amp;fanart=http%3A%2F%2Fs9.postimg.org%2Fgbr27aken%2Fcool4.jpg&amp;playable=false&amp;tvshow=0&amp;content=0&amp;action=ndmode&quot;,return)</action>
	</shortcut>
</shortcuts>