<?xml version="1.0" encoding="utf-8"?><shortcuts>
	<shortcut>
		<defaultID/>
		<label>New Releases</label>
		<label2>Video Add-On</label2>
		<icon>DefaultShortcut.png</icon>
		<thumb>special://profile/addon_data/script.skinshortcuts/skin.confluence-thumb-New Releases.png</thumb>
		<action>ActivateWindow(10025,&quot;plugin://plugin.video.phstreams/?name=%5BCOLOR+blue%5DNew+Releases+for+Women%5B%2FCOLOR%5D&amp;url=http%3A%2F%2Fhonolulu.watchkodi.com%2FPlaylists%2FNew%2520Releases.xml&amp;audio=0&amp;image=http%3A%2F%2F1.bp.blogspot.com%2F-WHsuK6uVWY8%2FVGpDGNjqwOI%2FAAAAAAAAKac%2FuCtVtXKZv4Q%2Fs1600%2Fmovies_and_popcorn_folder_icon_by_matheusgrilo-d7ay4tw.png&amp;fanart=http%3A%2F%2Fs6.postimg.org%2F4e7vodlfl%2F14266.jpg&amp;playable=false&amp;tvshow=0&amp;content=0&amp;action=ndmode&quot;,return)</action>
	</shortcut>
	<shortcut>
		<defaultID/>
		<label>My Girls</label>
		<label2>Video Add-On</label2>
		<icon>DefaultShortcut.png</icon>
		<thumb>special://profile/addon_data/script.skinshortcuts/skin.confluence-thumb-My Girls.jpg</thumb>
		<action>ActivateWindow(10025,&quot;plugin://plugin.video.phstreams/?name=%5BCOLOR+hotpink%5DMy+Girls%5B%2FCOLOR%5D&amp;url=http%3A%2F%2Fhonolulu.watchkodi.com%2FMy%2520Girls%2FThe%2520Girls.xml&amp;audio=0&amp;image=http%3A%2F%2Fs6.postimg.org%2Fwevezj9fl%2Factress_collage_245058_2.jpg&amp;fanart=http%3A%2F%2Fs6.postimg.org%2F4e7vodlfl%2F14266.jpg&amp;playable=false&amp;tvshow=0&amp;content=0&amp;action=ndmode&quot;,return)</action>
	</shortcut>
	<shortcut>
		<defaultID/>
		<label>My Kids</label>
		<label2>Video Add-On</label2>
		<icon>DefaultShortcut.png</icon>
		<thumb>special://profile/addon_data/script.skinshortcuts/skin.confluence-thumb-My Kids.jpg</thumb>
		<action>ActivateWindow(10025,&quot;plugin://plugin.video.phstreams/?name=%5BCOLOR+blue%5DMy+Kids%5B%2FCOLOR%5D&amp;url=http%3A%2F%2Fhonolulu.watchkodi.com%2FPlaylists%2FKids%2520Main.xml&amp;audio=0&amp;image=http%3A%2F%2Fs6.postimg.org%2Fgpk9zbs01%2FIhae6r_JE.jpg&amp;fanart=http%3A%2F%2Fs6.postimg.org%2F4e7vodlfl%2F14266.jpg&amp;playable=false&amp;tvshow=0&amp;content=0&amp;action=ndmode&quot;,return)</action>
	</shortcut>
	<shortcut>
		<defaultID/>
		<label>My Emotions</label>
		<label2>Video Add-On</label2>
		<icon>DefaultShortcut.png</icon>
		<thumb>special://profile/addon_data/script.skinshortcuts/skin.confluence-thumb-My Emotions.jpg</thumb>
		<action>ActivateWindow(10025,&quot;plugin://plugin.video.phstreams/?name=%5BCOLOR+hotpink%5DMy+Emotions%5B%2FCOLOR%5D&amp;url=http%3A%2F%2Fhonolulu.watchkodi.com%2FPlaylists%2FMy%2520Emotions.xml&amp;audio=0&amp;image=http%3A%2F%2Fs14.postimg.org%2F83lyc0ich%2FEmotions_Are_Energy1.jpg&amp;fanart=http%3A%2F%2Fs6.postimg.org%2F4e7vodlfl%2F14266.jpg&amp;playable=false&amp;tvshow=0&amp;content=0&amp;action=ndmode&quot;,return)</action>
	</shortcut>
	<shortcut>
		<defaultID/>
		<label>TV Shows</label>
		<label2>Video Add-On</label2>
		<icon>DefaultShortcut.png</icon>
		<thumb>special://profile/addon_data/script.skinshortcuts/skin.confluence-thumb-TV Shows.png</thumb>
		<action>ActivateWindow(10025,&quot;plugin://plugin.video.phstreams/?name=%5BCOLOR+blue%5DTV+Shows%5B%2FCOLOR%5D&amp;url=http%3A%2F%2Fhonolulu.watchkodi.com%2FTV%2520Shows%2FShows.xml&amp;audio=0&amp;image=http%3A%2F%2Fs6.postimg.org%2Fx6y2yqdmp%2Ftv_series_by_victoranjos_d7f931x.png&amp;fanart=http%3A%2F%2Fs6.postimg.org%2F4e7vodlfl%2F14266.jpg&amp;playable=false&amp;tvshow=0&amp;content=0&amp;action=ndmode&quot;,return)</action>
	</shortcut>
	<shortcut>
		<defaultID/>
		<label>Workout</label>
		<label2>Video Add-On</label2>
		<icon>DefaultShortcut.png</icon>
		<thumb>special://profile/addon_data/script.skinshortcuts/skin.confluence-thumb-Workout.jpg</thumb>
		<action>ActivateWindow(10025,&quot;plugin://plugin.video.phstreams/?name=%5BCOLOR+hotpink%5DWorkout%5B%2FCOLOR%5D&amp;url=http%3A%2F%2Fhonolulu.watchkodi.com%2FFitness%2FFitness%2520Main.xml&amp;audio=0&amp;image=http%3A%2F%2Fs6.postimg.org%2Fre40an269%2Ffitness_woman_perspiration_2_1.jpg&amp;fanart=http%3A%2F%2Fs6.postimg.org%2F4e7vodlfl%2F14266.jpg&amp;playable=false&amp;tvshow=0&amp;content=0&amp;action=ndmode&quot;,return)</action>
	</shortcut>
	<shortcut>
		<defaultID/>
		<label>Blue's Favs</label>
		<label2>Video Add-On</label2>
		<icon>DefaultShortcut.png</icon>
		<thumb>special://profile/addon_data/script.skinshortcuts/skin.confluence-thumb-Blue's Favs.jpg</thumb>
		<action>ActivateWindow(10025,&quot;plugin://plugin.video.phstreams/?name=%5BCOLOR+blue%5DBlue%27s+Faves%5B%2FCOLOR%5D&amp;url=http%3A%2F%2Fhonolulu.watchkodi.com%2FPlaylists%2FBlue%27s%2520Faves.xml&amp;audio=0&amp;image=http%3A%2F%2Fs6.postimg.org%2Fdbvg51wht%2F19439_2.jpg&amp;fanart=http%3A%2F%2Fs6.postimg.org%2F4e7vodlfl%2F14266.jpg&amp;playable=false&amp;tvshow=0&amp;content=0&amp;action=ndmode&quot;,return)</action>
	</shortcut>
	<shortcut>
		<defaultID/>
		<label>My Past</label>
		<label2>Video Add-On</label2>
		<icon>DefaultShortcut.png</icon>
		<thumb>special://profile/addon_data/script.skinshortcuts/skin.confluence-thumb-My Past.jpg</thumb>
		<action>ActivateWindow(10025,&quot;plugin://plugin.video.phstreams/?name=%5BCOLOR+hotpink%5DMy+Past%5B%2FCOLOR%5D&amp;url=http%3A%2F%2Fhonolulu.watchkodi.com%2FMy%2520Time%2FThe%2520Past.xml&amp;audio=0&amp;image=http%3A%2F%2Flh4.googleusercontent.com%2F-rjhW16chOug%2FAAAAAAAAAAI%2FAAAAAAAAAAA%2FPp33Xk_sdR8%2Fs512-c%2Fphoto.jpg&amp;fanart=http%3A%2F%2Fs6.postimg.org%2F4e7vodlfl%2F14266.jpg&amp;playable=false&amp;tvshow=0&amp;content=0&amp;action=ndmode&quot;,return)</action>
	</shortcut>
</shortcuts>