<?xml version="1.0" encoding="utf-8"?><shortcuts>
	<shortcut>
		<defaultID>plugin.video.supercartoons</defaultID>
		<label>Super Cartoons</label>
		<label2>Video Add-On</label2>
		<icon>DefaultShortcut.png</icon>
		<thumb>image://C%3a%5cUsers%5candrea%5cAppData%5cRoaming%5cKodi%5caddons%5cplugin.video.supercartoons%5cicon.png/</thumb>
		<action>ActivateWindow(10025,&quot;plugin://plugin.video.supercartoons&quot;,return)</action>
	</shortcut>
	<shortcut>
		<defaultID>plugin.video.cartoons8</defaultID>
		<label>Cartoons8</label>
		<label2>Video Add-On</label2>
		<icon>DefaultShortcut.png</icon>
		<thumb>image://C%3a%5cUsers%5candrea%5cAppData%5cRoaming%5cKodi%5caddons%5cplugin.video.cartoons8%5cicon.png/</thumb>
		<action>ActivateWindow(10025,&quot;plugin://plugin.video.cartoons8&quot;,return)</action>
	</shortcut>
	<shortcut>
		<defaultID>plugin.video.funniermoments</defaultID>
		<label>Funnier Moments</label>
		<label2>Video Add-On</label2>
		<icon>DefaultShortcut.png</icon>
		<thumb>image://C%3a%5cUsers%5candrea%5cAppData%5cRoaming%5cKodi%5caddons%5cplugin.video.funniermoments%5cicon.png/</thumb>
		<action>ActivateWindow(10025,&quot;plugin://plugin.video.funniermoments&quot;,return)</action>
	</shortcut>
	<shortcut>
		<defaultID>plugin.video.toonmania</defaultID>
		<label>ToonMania</label>
		<label2>Video Add-On</label2>
		<icon>DefaultShortcut.png</icon>
		<thumb>image://C%3a%5cUsers%5candrea%5cAppData%5cRoaming%5cKodi%5caddons%5cplugin.video.toonmania%5cicon.png/</thumb>
		<action>ActivateWindow(10025,&quot;plugin://plugin.video.toonmania&quot;,return)</action>
	</shortcut>
	<shortcut>
		<defaultID/>
		<label>Classic Cartoons</label>
		<label2>Video Add-On</label2>
		<icon>DefaultShortcut.png</icon>
		<thumb>special://profile/addon_data/script.skinshortcuts/skin.confluence-thumb-Classic Cartoons.jpg</thumb>
		<action>ActivateWindow(10025,&quot;plugin://plugin.video.ukturk/?url=http%3A%2F%2Fmetalkettle.co%2FUKTurk2%2Fcartoons%2FIndex.txt&amp;mode=1&amp;name=Classic+Cartoons&amp;iconimage=http%3A%2F%2Fmetalkettle.co%2FUKTurk2%2Fthumbs%2FUK%2520TURK%2520cartoons.jpg&amp;description=&quot;,return)</action>
	</shortcut>
	<shortcut>
		<defaultID/>
		<label>Disney Collection</label>
		<label2>Video Add-On</label2>
		<icon>DefaultShortcut.png</icon>
		<thumb>special://profile/addon_data/script.skinshortcuts/skin.confluence-thumb-Disney Collection.jpg</thumb>
		<action>ActivateWindow(10025,&quot;plugin://plugin.video.phstreams/?name=The+D+Collection&amp;url=http%3A%2F%2Fgibraltar.watchkodi.com%2FDisne%2FDisne_Directory.xml&amp;audio=0&amp;image=http%3A%2F%2Fs30.postimg.org%2Fjsccn9npt%2FThe_DCollection.jpg&amp;fanart=http%3A%2F%2Fimg05.deviantart.net%2F6db8%2Fi%2F2013%2F337%2Fb%2Ff%2Fuprising_of_the_mockingjay_by_sikundoto-d6wm4rz.jpg&amp;playable=false&amp;tvshow=0&amp;content=0&amp;action=ndmode&quot;,return)</action>
	</shortcut>
	<shortcut>
		<defaultID>classicwaltdisneymovies</defaultID>
		<label>Classic Disney Movies</label>
		<label2>Favourite</label2>
		<icon>DefaultFolder.png</icon>
		<thumb>special://profile/addon_data/script.skinshortcuts/skin.confluence-thumb-classicwaltdisneymovies.jpg</thumb>
		<action>ActivateWindow(10025,&quot;plugin://plugin.video.ukturk/?description&amp;iconimage=http%3a%2f%2fmetalkettle.co%2fUKTurk2%2fthumbs%2fUK%20TURK%20old%20movies.jpg&amp;mode=1&amp;name=Classic%20Walt%20Disney%20Movies&amp;url=http%3a%2f%2fmetalkettle.co%2fUKTurk2%2fmovies%2fClassic%2520Walt%2520Disney%2520Movies.txt&quot;,return)</action>
	</shortcut>
	<shortcut>
		<defaultID>classicwaltdisneyanimatedmovies</defaultID>
		<label>Classic Disney Animated</label>
		<label2>Favourite</label2>
		<icon>DefaultFolder.png</icon>
		<thumb>special://profile/addon_data/script.skinshortcuts/skin.confluence-thumb-classicwaltdisneyanimatedmovies.jpg</thumb>
		<action>ActivateWindow(10025,&quot;plugin://plugin.video.ukturk/?description&amp;iconimage=http%3a%2f%2fmetalkettle.co%2fUKTurk2%2fthumbs%2fUK%20TURK%20old%20movies.jpg&amp;mode=1&amp;name=Classic%20Walt%20Disney%20Animated%20Movies&amp;url=http%3a%2f%2fmetalkettle.co%2fUKTurk2%2fmovies%2fClassic%2520Walt%2520Disney%2520Animated%2520Movies.txt&quot;,return)</action>
	</shortcut>
	<shortcut>
		<defaultID>colorwhite-color-ff0198e1-classicdisneyfilms-color-color</defaultID>
		<label>MP Classic Disney</label>
		<label2>Favourite</label2>
		<icon>special://skin/extras/icons/files.png</icon>
		<thumb>special://profile/addon_data/script.skinshortcuts/skin.confluence-thumb-colorwhite-color-ff0198e1-classicdisneyfilms-color-color.jpg</thumb>
		<action>ActivateWindow(10025,&quot;plugin://plugin.video.morepower/?description&amp;iconimage=http%3a%2f%2fi.ytimg.com%2fvi%2f760JDRxAIWE%2fhqdefault.jpg&amp;mode=1&amp;name=%5bCOLOR%20white%5d%2a%5bCOLOR%3dFF0198E1%5dClassic%20Disney%20Films%20%5b%2fCOLOR%5d%5b%2fCOLOR%5d&amp;url=http%3a%2f%2fwww.navixtreme.com%2fplaylist%2f78769%2fclassic_disney_films_.plx&quot;,return)</action>
	</shortcut>
	<shortcut>
		<defaultID/>
		<label>Kidzone</label>
		<label2>Video Add-On</label2>
		<icon>DefaultShortcut.png</icon>
		<thumb>special://profile/addon_data/script.skinshortcuts/skin.confluence-thumb-Kidzone.png</thumb>
		<action>ActivateWindow(10025,&quot;plugin://plugin.video.phstreams/?name=%5BCOLOR+orangered%5DK%5B%2FCOLOR%5D%5BCOLOR+white%5DIDZONE%5B%2FCOLOR%5D&amp;url=http%3A%2F%2Fzenica.watchkodi.com%2FKids%2Fkidszone.xml&amp;audio=0&amp;image=http%3A%2F%2Fs6.postimg.org%2Fp5j2df18h%2FKidzone.png&amp;fanart=http%3A%2F%2Fs6.postimg.org%2F4ph8mo5q9%2FBackdrop.png&amp;playable=false&amp;tvshow=0&amp;content=0&amp;action=ndmode&quot;,return)</action>
	</shortcut>
	<shortcut>
		<defaultID/>
		<label>Cartoon Land</label>
		<label2>Video Add-On</label2>
		<icon>DefaultShortcut.png</icon>
		<thumb>special://profile/addon_data/script.skinshortcuts/skin.confluence-thumb-Cartoon Land.png</thumb>
		<action>ActivateWindow(10025,&quot;plugin://plugin.video.phstreams/?name=%5BCOLOR+orangered%5DC%5B%2FCOLOR%5D%5BCOLOR+white%5DARTOON%5B%2FCOLOR%5D+%5BCOLOR+orangered%5DL%5B%2FCOLOR%5D%5BCOLOR+white%5DAND%5B%2FCOLOR%5D&amp;url=http%3A%2F%2Fzenica.watchkodi.com%2FDirectories%2FKids%2520Directories%2FCartoonland%2520Directory.xml&amp;audio=0&amp;image=http%3A%2F%2Fs6.postimg.org%2Fr7jjrnz7l%2FCartoonland.png&amp;fanart=http%3A%2F%2Fs6.postimg.org%2F4ph8mo5q9%2FBackdrop.png&amp;playable=false&amp;tvshow=0&amp;content=0&amp;action=ndmode&quot;,return)</action>
	</shortcut>
	<shortcut>
		<defaultID/>
		<label>kids &amp; animation</label>
		<label2>Video Add-On</label2>
		<icon>DefaultShortcut.png</icon>
		<thumb>special://profile/addon_data/script.skinshortcuts/skin.confluence-thumb-kids &amp; animation.png</thumb>
		<action>ActivateWindow(10025,&quot;plugin://plugin.video.phstreams/?name=kids+%26+animation+1&amp;url=http%3A%2F%2Ftuzla.watchkodi.com%2Fkids_animation.xml&amp;audio=0&amp;image=http%3A%2F%2Fi.imgur.com%2FYXaY4BI.png&amp;fanart=http%3A%2F%2Fi.imgur.com%2FW7qRvEq.png&amp;playable=false&amp;tvshow=0&amp;content=0&amp;action=ndmode&quot;,return)</action>
	</shortcut>
	<shortcut>
		<defaultID/>
		<label>Kids Boxsets</label>
		<label2>Video Add-On</label2>
		<icon>DefaultShortcut.png</icon>
		<thumb>special://profile/addon_data/script.skinshortcuts/skin.confluence-thumb-Kids Boxsets.png</thumb>
		<action>ActivateWindow(10025,&quot;plugin://plugin.video.phstreams/?name=%5BCOLOR+orangered%5DK%5B%2FCOLOR%5D%5BCOLOR+white%5DIDS%5B%2FCOLOR%5D+%5BCOLOR+orangered%5DB%5B%2FCOLOR%5D%5BCOLOR+white%5DOXSETS%5B%2FCOLOR%5D&amp;url=http%3A%2F%2Fzenica.watchkodi.com%2FDirectories%2FKids%2520Directories%2FKids%2520Boxsets%2520Directory.xml&amp;audio=0&amp;image=http%3A%2F%2Fs6.postimg.org%2F5z5va8kqp%2FKids_Boxsets.png&amp;fanart=http%3A%2F%2Fs6.postimg.org%2F4ph8mo5q9%2FBackdrop.png&amp;playable=false&amp;tvshow=0&amp;content=0&amp;action=ndmode&quot;,return)</action>
	</shortcut>
	<shortcut>
		<defaultID>latestanimatedreleases</defaultID>
		<label>Latest Animated Releases</label>
		<label2>Favourite</label2>
		<icon>special://skin/extras/icons/files.png</icon>
		<thumb>special://profile/addon_data/script.skinshortcuts/skin.confluence-thumb-latestanimatedreleases.jpg</thumb>
		<action>ActivateWindow(10025,&quot;plugin://plugin.video.phstreams/?action=ndmode&amp;audio=0&amp;content=0&amp;fanart=http%3a%2f%2fimg05.deviantart.net%2f6db8%2fi%2f2013%2f337%2fb%2ff%2fuprising_of_the_mockingjay_by_sikundoto-d6wm4rz.jpg&amp;image=http%3a%2f%2fs16.postimg.org%2fqu3swamjp%2fanimation.jpg&amp;name=Latest%20Animated%20Releases&amp;playable=false&amp;tvshow=0&amp;url=http%3a%2f%2fgibraltar.watchkodi.com%2fCollections%2fanimated.xml&quot;,return)</action>
	</shortcut>
	<shortcut>
		<defaultID>classicpixarshortmovies</defaultID>
		<label>Classic Pixar Short</label>
		<label2>Favourite</label2>
		<icon>DefaultFolder.png</icon>
		<thumb>special://profile/addon_data/script.skinshortcuts/skin.confluence-thumb-classicpixarshortmovies.jpg</thumb>
		<action>ActivateWindow(10025,&quot;plugin://plugin.video.ukturk/?description&amp;iconimage=http%3a%2f%2fmetalkettle.co%2fUKTurk2%2fthumbs%2fUK%20TURK%20old%20movies.jpg&amp;mode=1&amp;name=Classic%20Pixar%20Short%20Movies&amp;url=http%3a%2f%2fmetalkettle.co%2fUKTurk2%2fmovies%2fPixar.txt&quot;,return)</action>
	</shortcut>
	<shortcut>
		<defaultID/>
		<label>Kids TV Shows</label>
		<label2>Video Add-On</label2>
		<icon>DefaultShortcut.png</icon>
		<thumb>image://C%3a%5cUsers%5candrea%5cAppData%5cRoaming%5cKodi%5caddons%5cplugin.video.genesis%5cresources%5cmedia%5cgone%5ctvGenres.jpg/</thumb>
		<action>ActivateWindow(10025,&quot;plugin://plugin.video.genesis/?action=tvshows&amp;url=http%3A%2F%2Fapi.themoviedb.org%2F3%2Fdiscover%2Ftv%3Fapi_key%3D%25s%26with_genres%3D10762%26air_date.gte%3D2014-11-13%26air_date.lte%3D2015-11-13%26page%3D1&quot;,return)</action>
	</shortcut>
	<shortcut>
		<defaultID/>
		<label>Kids TV</label>
		<label2>Music Add-On</label2>
		<icon>DefaultShortcut.png</icon>
		<thumb>special://profile/addon_data/script.skinshortcuts/skin.confluence-thumb-Kids TV.png</thumb>
		<action>ActivateWindow(10501,&quot;plugin://plugin.program.super.favourites/?label=%5BCOLOR+orangered%5DK%5B%2FCOLOR%5D%5BCOLOR+white%5DIDS%5B%2FCOLOR%5D+%5BCOLOR+orangered%5DT%5B%2FCOLOR%5D%5BCOLOR+white%5DV%5B%2FCOLOR%5D&amp;mode=650&amp;cmd=ActivateWindow%2810025%2C%22plugin%3A%2F%2Fplugin.video.phstreams%2F%3Faction%3Dndmode%26audio%3D0%26content%3D0%26fanart%3Dhttp%253a%252f%252fs6.postimg.org%252f4ph8mo5q9%252fBackdrop.png%26image%3Dhttp%253a%252f%252fs6.postimg.org%252fdhtlwm1hd%252fKids_TV.png%26name%3D%255bCOLOR%2520orangered%255dK%255b%252fCOLOR%255d%255bCOLOR%2520white%255dIDS%255b%252fCOLOR%255d%2520%255bCOLOR%2520orangered%255dT%255b%252fCOLOR%255d%255bCOLOR%2520white%255dV%255b%252fCOLOR%255d%26playable%3Dfalse%26tvshow%3D0%26url%3Dhttp%253a%252f%252fzenica.watchkodi.com%252fDirectories%252fKids%252520Directories%252fKids%252520TV%252520Directory.xml%22%2Creturn%29&amp;image=http%3A%2F%2Fs6.postimg.org%2Fdhtlwm1hd%2FKids_TV.png&quot;,return)</action>
	</shortcut>
</shortcuts>