<?xml version="1.0" encoding="utf-8"?><shortcuts>
	<shortcut>
		<defaultID>movies</defaultID>
		<label>Movies</label>
		<label2>Common Shortcut</label2>
		<icon>special://skin/extras/icons/film.png</icon>
		<thumb>special://skin/extras/icons/DefaultAddonMovieInfo.png</thumb>
		<action>ActivateWindow(Videos,videodb://movies/titles/,return)</action>
	</shortcut>
	<shortcut>
		<defaultID>tvshows</defaultID>
		<label>TV shows</label>
		<label2>Common Shortcut</label2>
		<icon>special://skin/extras/icons/tv.png</icon>
		<thumb>special://skin/extras/icons/DefaultAddonMovieInfo.png</thumb>
		<action>ActivateWindow(Videos,videodb://tvshows/titles/,return)</action>
	</shortcut>
	<shortcut>
		<defaultID>livetv</defaultID>
		<label>Live TV</label>
		<label2>Custom shortcut</label2>
		<icon>DefaultIconTV.png</icon>
		<thumb>special://skin/extras/icons/DefaultAddonPVRClient.png</thumb>
		<action>RunScript(script.tvguidetecbox)</action>
	</shortcut>
	<shortcut>
		<defaultID/>
		<label>Collections</label>
		<label2>Video Add-On</label2>
		<icon>DefaultShortcut.png</icon>
		<thumb>special://skin/extras/icons/DefaultMovies.png</thumb>
		<action>ActivateWindow(10025,&quot;plugin://plugin.video.phstreams/?name=One242415&amp;url=http%3A%2F%2Fgibraltar.watchkodi.com%2Fmaindir%2Fmain.xml&amp;audio=0&amp;image=http%3A%2F%2Fgibraltar.watchkodi.com%2FskullPhoenicIcon.png&amp;fanart=C%3A%5CUsers%5Candrea%5CAppData%5CRoaming%5CKodi%5Caddons%5Cplugin.video.phstreams%5Cfanart.jpg&amp;playable=false&amp;tvshow=0&amp;content=0&amp;action=ndmode&quot;,return)</action>
	</shortcut>
	<shortcut>
		<defaultID/>
		<label>Kids</label>
		<label2>Custom shortcut</label2>
		<icon>DefaultShortcut.png</icon>
		<thumb>special://skin/extras/icons/DefaultStudios.png</thumb>
		<action>ActivateWindow(10025,&quot;plugin://plugin.video.genesis/?action=movies&amp;url=http%3A%2F%2Fapi.themoviedb.org%2F3%2Fdiscover%2Fmovie%3Fapi_key%3D%25s%26with_genres%3D16%26primary_release_date.gte%3D2014-11-13%26page%3D1&quot;,return)</action>
	</shortcut>
	<shortcut>
		<defaultID/>
		<label>Her Place</label>
		<label2>Video Add-On</label2>
		<icon>DefaultShortcut.png</icon>
		<thumb>special://skin/extras/icons/DefaultActor.png</thumb>
		<action>ActivateWindow(10025,&quot;plugin://plugin.video.phstreams/?name=Her+Place&amp;url=http%3A%2F%2Fhonolulu.watchkodi.com%2Fmaindir%2Fmain.xml&amp;audio=0&amp;image=http%3A%2F%2Fhonolulu.watchkodi.com%2Fmyicon.jpg&amp;fanart=C%3A%5CUsers%5Candrea%5CAppData%5CRoaming%5CKodi%5Caddons%5Cplugin.video.phstreams%5Cfanart.jpg&amp;playable=false&amp;tvshow=0&amp;content=0&amp;action=ndmode&quot;,return)</action>
	</shortcut>
	<shortcut>
		<defaultID/>
		<label>Sports</label>
		<label2>Program</label2>
		<icon>DefaultShortcut.png</icon>
		<thumb>special://skin/extras/icons/DefaultInProgressShows.png</thumb>
		<action>ActivateWindow(10001,&quot;plugin://plugin.program.super.favourites/?label=Live+Sport+TV&amp;mode=400&amp;path=special%3A%2F%2Fprofile%2Faddon_data%2Fplugin.program.super.favourites%2FSuper+Favourites%5CLive+Sport+TV&amp;fanart=special%3A%2F%2Fhome%2Fuserdata%5CBackgrounds%5CSports%5Cfootball_10-wallpaper-1920x1080.jpg&quot;,return)</action>
	</shortcut>
	<shortcut>
		<defaultID>plugin.video.youtube</defaultID>
		<label>Streams</label>
		<label2>Video Add-On</label2>
		<icon>DefaultShortcut.png</icon>
		<thumb>special://skin/extras/icons/DefaultCountry.png</thumb>
		<action>ActivateWindow(10025,&quot;plugin://plugin.video.youtube&quot;,return)</action>
	</shortcut>
	<shortcut>
		<defaultID>music</defaultID>
		<label>10005</label>
		<label2>Custom shortcut</label2>
		<icon>special://skin/extras/icons/songs.png</icon>
		<thumb>special://skin/extras/icons/DefaultAddonMusic.png</thumb>
		<action>ActivateWindow(10501,&quot;plugin://plugin.audio.mp3streams&quot;,return)</action>
	</shortcut>
	<shortcut>
		<defaultID>pictures</defaultID>
		<label>10002</label>
		<label2>Common Shortcut</label2>
		<icon>special://skin/extras/icons/pictures.png</icon>
		<thumb>special://skin/extras/icons/DefaultAddonPicture.png</thumb>
		<action>ActivateWindow(Pictures)</action>
	</shortcut>
	<shortcut>
		<defaultID>1036</defaultID>
		<label>1036</label>
		<label2>Common Shortcut</label2>
		<icon>special://skin/extras/icons/favourites.png</icon>
		<thumb>special://skin/extras/icons/DefaultMusicTop100.png</thumb>
		<action>ActivateWindow(Favourites)</action>
	</shortcut>
	<shortcut>
		<defaultID>13000</defaultID>
		<label>13000</label>
		<label2>Common Shortcut</label2>
		<icon>special://skin/extras/icons/configure.png</icon>
		<thumb>special://skin/extras/icons/DefaultAddonService.png</thumb>
		<action>ActivateWindow(Settings)</action>
	</shortcut>
	<shortcut>
		<defaultID>24001</defaultID>
		<label>24001</label>
		<label2>Settings</label2>
		<icon>special://skin/extras/icons/addons.png</icon>
		<thumb>special://skin/extras/icons/DefaultAddon.png</thumb>
		<action>ActivateWindow(AddonBrowser)</action>
	</shortcut>
	<shortcut>
		<defaultID>7</defaultID>
		<label>7</label>
		<label2>Common Shortcut</label2>
		<icon>special://skin/extras/icons/files.png</icon>
		<thumb>special://skin/extras/icons/DefaultAddonInfoLibrary.png</thumb>
		<action>ActivateWindow(FileManager)</action>
	</shortcut>
	<shortcut>
		<defaultID>plugin.video.Schismbuildhelp</defaultID>
		<label>Version 1.24</label>
		<label2>Custom shortcut</label2>
		<icon>DefaultShortcut.png</icon>
		<thumb>special://skin/extras/icons/DefaultMusicRecentlyAdded.png</thumb>
		<action>ActivateWindow(10001,&quot;plugin://plugin.video.schismwizard&quot;,return)</action>
	</shortcut>
	<shortcut>
		<defaultID>13005</defaultID>
		<label>13005</label>
		<label2>Kodi Command</label2>
		<icon>special://skin/extras/icons/power.png</icon>
		<thumb>special://skin/extras/icons/DefaultRecentlyAddedEpisodes.png</thumb>
		<action>ShutDown</action>
	</shortcut>
</shortcuts>