<?xml version="1.0" encoding="utf-8"?><shortcuts>
	<shortcut>
		<defaultID/>
		<label>Search</label>
		<label2>Custom shortcut</label2>
		<icon>DefaultShortcut.png</icon>
		<thumb>special://profile/addon_data/script.skinshortcuts/skin.confluence-thumb-Search.jpg</thumb>
		<action>ActivateWindow(10001,&quot;plugin://plugin.program.super.favourites/?label=Search+Movies&amp;mode=400&amp;path=special%3A%2F%2Fprofile%2Faddon_data%2Fplugin.program.super.favourites%2FSuper+Favourites%5CSearch+Movies&amp;image=special://home%5Caddons%5Cplugin.video.genesis%5Cresources%5Cmedia%5Cgone%5Csearch.jpg&amp;fanart=special%3A%2F%2Fhome%2Fuserdata%2FBackgrounds%2FMovies%2Fhalo-5-guardians-3840x2160-game-fps-sci-fi-battle-sky-light-rocks-1947.jpg&quot;,return)</action>
	</shortcut>
	<shortcut>
		<defaultID>plugin.video.itunes_trailers</defaultID>
		<label>Movie Trailers</label>
		<label2>Video Add-On</label2>
		<icon>DefaultShortcut.png</icon>
		<thumb>special://skin/extras/icons/DefaultAddonMovieInfo.png</thumb>
		<action>ActivateWindow(10025,&quot;plugin://plugin.video.itunes_trailers&quot;,return)</action>
	</shortcut>
	<shortcut>
		<defaultID/>
		<label>[COLOR yellow]HD[/COLOR] Movies</label>
		<label2>Program</label2>
		<icon>DefaultShortcut.png</icon>
		<thumb/>
		<action>ActivateWindow(10001,&quot;plugin://plugin.program.super.favourites/?label=Hd+collection&amp;mode=400&amp;path=special%3A%2F%2Fprofile%2Faddon_data%2Fplugin.program.super.favourites%2FSuper+Favourites%5CHd+collection&amp;image=C%3A%5CUsers%5Candrea%5CPictures%5Cmars.jpg&amp;fanart=special%3A%2F%2Fhome%2Fuserdata%2FBackgrounds%2FMovies%2Fhalo-5-guardians-3840x2160-game-fps-sci-fi-battle-sky-light-rocks-1947.jpg&quot;,return)</action>
	</shortcut>
	<shortcut>
		<defaultID/>
		<label>Recent Movies</label>
		<label2>Program</label2>
		<icon>DefaultShortcut.png</icon>
		<thumb/>
		<action>ActivateWindow(10001,&quot;plugin://plugin.program.super.favourites/?label=Recent+Movies&amp;mode=400&amp;path=special%3A%2F%2Fprofile%2Faddon_data%2Fplugin.program.super.favourites%2FSuper+Favourites%5CRecent+Movies&amp;image=special://home%5Caddons%5Cplugin.video.salts%5Cart%5Cthemes%5CSimply+Elegant%5Crecent.png&amp;fanart=special%3A%2F%2Fhome%2Fuserdata%2FBackgrounds%2FMovies%2Fhalo-5-guardians-3840x2160-game-fps-sci-fi-battle-sky-light-rocks-1947.jpg&quot;,return)</action>
	</shortcut>
	<shortcut>
		<defaultID/>
		<label>Most Popular</label>
		<label2>Custom shortcut</label2>
		<icon>DefaultShortcut.png</icon>
		<thumb/>
		<action>ActivateWindow(10001,&quot;plugin://plugin.program.super.favourites/?label=Trending+Movies&amp;mode=400&amp;path=special%3A%2F%2Fprofile%2Faddon_data%2Fplugin.program.super.favourites%2FSuper+Favourites%5CTrending+Movies&amp;image=special://home%5Caddons%5Cplugin.video.genesis%5Cresources%5Cmedia%5Cgone%5CmoviesTrending.jpg&amp;fanart=special%3A%2F%2Fhome%2Fuserdata%2FBackgrounds%2FMovies%2Fhalo-5-guardians-3840x2160-game-fps-sci-fi-battle-sky-light-rocks-1947.jpg&quot;,return)</action>
	</shortcut>
	<shortcut>
		<defaultID/>
		<label>IMDB Best 250 Movies</label>
		<label2>Video Add-On</label2>
		<icon>DefaultShortcut.png</icon>
		<thumb/>
		<action>ActivateWindow(10025,&quot;plugin://plugin.video.salts/?username=hulkhorgen&amp;section=Movies&amp;mode=show_list&amp;slug=imdb-best-250-movies&quot;,return)</action>
	</shortcut>
	<shortcut>
		<defaultID/>
		<label>Classic Movies</label>
		<label2>Custom shortcut</label2>
		<icon>DefaultShortcut.png</icon>
		<thumb/>
		<action>ActivateWindow(10025,&quot;plugin://plugin.video.ukturk/?description&amp;iconimage=http%3a%2f%2fmetalkettle.co%2fUKTurk2%2fthumbs%2fUK%20TURK%20old%20movies.jpg&amp;mode=1&amp;name=Classic%20Movies&amp;url=http%3a%2f%2fmetalkettle.co%2fUKTurk2%2fmovies%2fIndex.txt&quot;,return)</action>
	</shortcut>
	<shortcut>
		<defaultID>colorwhite-3d-hd-color</defaultID>
		<label>3D Movies</label>
		<label2>Custom shortcut</label2>
		<icon>special://skin/extras/icons/files.png</icon>
		<thumb>special://profile/addon_data/script.skinshortcuts/skin.confluence-thumb-colorwhite-3d-hd-color.png</thumb>
		<action>ActivateWindow(10001,&quot;plugin://plugin.program.super.favourites/?label=3D+Movies&amp;mode=400&amp;path=special%3A%2F%2Fprofile%2Faddon_data%2Fplugin.program.super.favourites%2FSuper+Favourites%5C3D+Movies&amp;image=http%3A%2F%2Fs6.postimg.org%2Fsthu7u84h%2Fimage.png&amp;fanart=special%3A%2F%2Fhome%2Fuserdata%2FBackgrounds%2FMovies%2Fhalo-5-guardians-3840x2160-game-fps-sci-fi-battle-sky-light-rocks-1947.jpg&quot;,return)</action>
	</shortcut>
	<shortcut>
		<defaultID>plugin.video.md123movies</defaultID>
		<label>123 Movies</label>
		<label2>Video Add-On</label2>
		<icon>special://home\addons\plugin.video.md123movies\icon.png</icon>
		<thumb>special://profile/addon_data/script.skinshortcuts/skin.confluence-thumb-plugin.video.md123movies.png</thumb>
		<action>ActivateWindow(10025,&quot;plugin://plugin.video.md123movies&quot;,return)</action>
	</shortcut>
	<shortcut>
		<defaultID>plugin.video.md9movies</defaultID>
		<label>9 Movies</label>
		<label2>Video Add-On</label2>
		<icon>DefaultShortcut.png</icon>
		<thumb>special://profile/addon_data/script.skinshortcuts/skin.confluence-thumb-plugin.video.md9movies.png</thumb>
		<action>ActivateWindow(10025,&quot;plugin://plugin.video.md9movies&quot;,return)</action>
	</shortcut>
	<shortcut>
		<defaultID>plugin.video.xmovies8</defaultID>
		<label>XMovies8</label>
		<label2>Video Add-On</label2>
		<icon>DefaultShortcut.png</icon>
		<thumb>special://profile/addon_data/script.skinshortcuts/skin.confluence-thumb-plugin.video.xmovies8.png</thumb>
		<action>ActivateWindow(10025,&quot;plugin://plugin.video.xmovies8&quot;,return)</action>
	</shortcut>
	<shortcut>
		<defaultID/>
		<label>SALTS</label>
		<label2>Video Add-On</label2>
		<icon>DefaultShortcut.png</icon>
		<thumb>special://profile/addon_data/script.skinshortcuts/skin.confluence-thumb-SALTS.png</thumb>
		<action>ActivateWindow(10025,&quot;plugin://plugin.video.salts/?section=Movies&amp;mode=browse&quot;,return)</action>
	</shortcut>
	<shortcut>
		<defaultID>plugin.video.genesis</defaultID>
		<label>Genesis</label>
		<label2>Video Add-On</label2>
		<icon>DefaultShortcut.png</icon>
		<thumb>special://profile/addon_data/script.skinshortcuts/skin.confluence-thumb-plugin.video.genesis.png</thumb>
		<action>ActivateWindow(10025,&quot;plugin://plugin.video.genesis&quot;,return)</action>
	</shortcut>
	<shortcut>
		<defaultID>plugin.video.phstreams</defaultID>
		<label>Phoenix</label>
		<label2>Video Add-On</label2>
		<icon>DefaultShortcut.png</icon>
		<thumb>special://profile/addon_data/script.skinshortcuts/skin.confluence-thumb-plugin.video.phstreams.png</thumb>
		<action>ActivateWindow(10025,&quot;plugin://plugin.video.phstreams&quot;,return)</action>
	</shortcut>
	<shortcut>
		<defaultID/>
		<label>1Channel Movies</label>
		<label2>Video Add-On</label2>
		<icon>DefaultShortcut.png</icon>
		<thumb>special://profile/addon_data/script.skinshortcuts/skin.confluence-thumb-1Channel Movies.png</thumb>
		<action>ActivateWindow(10025,&quot;plugin://plugin.video.1channel/?section=movie&amp;mode=BrowseListMenu&quot;,return)</action>
	</shortcut>
	<shortcut>
		<defaultID>script.navi-x</defaultID>
		<label>Navi-X</label>
		<label2>Video Add-On</label2>
		<icon>DefaultAddon.png</icon>
		<thumb>special://profile/addon_data/script.skinshortcuts/skin.confluence-thumb-script.navi-x.png</thumb>
		<action>RunAddOn(script.navi-x)</action>
	</shortcut>
	<shortcut>
		<defaultID/>
		<label>The Royal We</label>
		<label2>Video Add-On</label2>
		<icon>DefaultShortcut.png</icon>
		<thumb>special://profile/addon_data/script.skinshortcuts/skin.confluence-thumb-The Royal We.jpg</thumb>
		<action>ActivateWindow(10025,&quot;plugin://plugin.video.theroyalwe/?mode=movie_menu&quot;,return)</action>
	</shortcut>
	<shortcut>
		<defaultID>plugin.video.moviehut</defaultID>
		<label>Movie Hut</label>
		<label2>Video Add-On</label2>
		<icon>DefaultShortcut.png</icon>
		<thumb>special://profile/addon_data/script.skinshortcuts/skin.confluence-thumb-plugin.video.moviehut.png</thumb>
		<action>ActivateWindow(10025,&quot;plugin://plugin.video.moviehut&quot;,return)</action>
	</shortcut>
	<shortcut>
		<defaultID/>
		<label>Alluc Movies</label>
		<label2>Video Add-On</label2>
		<icon>DefaultShortcut.png</icon>
		<thumb>special://profile/addon_data/script.skinshortcuts/skin.confluence-thumb-Alluc Movies.jpg</thumb>
		<action>ActivateWindow(10025,&quot;plugin://plugin.video.alluc.api/?mode=movie_menu&quot;,return)</action>
	</shortcut>
	<shortcut>
		<defaultID>plugin.video.Showbox</defaultID>
		<label>Showbox</label>
		<label2>Video Add-On</label2>
		<icon>DefaultShortcut.png</icon>
		<thumb>special://profile/addon_data/script.skinshortcuts/skin.confluence-thumb-plugin.video.Showbox.png</thumb>
		<action>ActivateWindow(10025,&quot;plugin://plugin.video.Showbox&quot;,return)</action>
	</shortcut>
	<shortcut>
		<defaultID>plugin.video.hulubox</defaultID>
		<label>HuluBox</label>
		<label2>Video Add-On</label2>
		<icon>DefaultShortcut.png</icon>
		<thumb>special://profile/addon_data/script.skinshortcuts/skin.confluence-thumb-plugin.video.hulubox.png</thumb>
		<action>ActivateWindow(10025,&quot;plugin://plugin.video.hulubox&quot;,return)</action>
	</shortcut>
	<shortcut>
		<defaultID>plugin.video.movieshd</defaultID>
		<label>Movies HD</label>
		<label2>Video Add-On</label2>
		<icon>DefaultShortcut.png</icon>
		<thumb>special://profile/addon_data/script.skinshortcuts/skin.confluence-thumb-plugin.video.movieshd.png</thumb>
		<action>ActivateWindow(10025,&quot;plugin://plugin.video.movieshd&quot;,return)</action>
	</shortcut>
	<shortcut>
		<defaultID>plugin.video.allinone</defaultID>
		<label>Entertainment Hub</label>
		<label2>Video Add-On</label2>
		<icon>DefaultShortcut.png</icon>
		<thumb>special://profile/addon_data/script.skinshortcuts/skin.confluence-thumb-plugin.video.allinone.png</thumb>
		<action>ActivateWindow(10025,&quot;plugin://plugin.video.allinone&quot;,return)</action>
	</shortcut>
	<shortcut>
		<defaultID/>
		<label>Dubstop Movies</label>
		<label2>Video Add-On</label2>
		<icon>DefaultShortcut.png</icon>
		<thumb>special://profile/addon_data/script.skinshortcuts/skin.confluence-thumb-Dubstop Movies.png</thumb>
		<action>ActivateWindow(10025,&quot;plugin://plugin.video.dubstop/?url=url&amp;mode=3&amp;name=%5BCOLOR+yellow%5DMovies%5B%2FCOLOR%5D&amp;page=0&quot;,return)</action>
	</shortcut>
</shortcuts>