<?xml version="1.0" encoding="utf-8"?><shortcuts>
	<shortcut>
		<defaultID>1039</defaultID>
		<label>1039</label>
		<label2>Pictures</label2>
		<icon>DefaultAddonPicture.png</icon>
		<thumb/>
		<action>ActivateWindow(Pictures,Addons,return)</action>
	</shortcut>
	<shortcut>
		<defaultID>plugin.image.flickr</defaultID>
		<label>flickr</label>
		<label2>Picture Add-On</label2>
		<icon>DefaultShortcut.png</icon>
		<thumb>image://C%3a%5cUsers%5candrea%5cAppData%5cRoaming%5cKodi%5caddons%5cplugin.image.flickr%5cicon.png/</thumb>
		<action>ActivateWindow(10002,&quot;plugin://plugin.image.flickr&quot;,return)</action>
	</shortcut>
	<shortcut>
		<defaultID>plugin.image.picasa</defaultID>
		<label>PicasaWeb</label>
		<label2>Picture Add-On</label2>
		<icon>DefaultShortcut.png</icon>
		<thumb>image://C%3a%5cUsers%5candrea%5cAppData%5cRoaming%5cKodi%5caddons%5cplugin.image.picasa%5cicon.png/</thumb>
		<action>ActivateWindow(10002,&quot;plugin://plugin.image.picasa&quot;,return)</action>
	</shortcut>
	<shortcut>
		<defaultID>plugin.image.google</defaultID>
		<label>google</label>
		<label2>Picture Add-On</label2>
		<icon>DefaultShortcut.png</icon>
		<thumb>image://C%3a%5cUsers%5candrea%5cAppData%5cRoaming%5cKodi%5caddons%5cplugin.image.google%5cicon.png/</thumb>
		<action>ActivateWindow(10002,&quot;plugin://plugin.image.google&quot;,return)</action>
	</shortcut>
</shortcuts>