<?xml version="1.0" encoding="utf-8"?><shortcuts>
	<shortcut>
		<defaultID>plugin.video.twitch</defaultID>
		<label>TwitchTV</label>
		<label2>Video Add-On</label2>
		<icon>DefaultShortcut.png</icon>
		<thumb>image://C%3a%5cUsers%5candrea%5cAppData%5cRoaming%5cKodi%5caddons%5cplugin.video.twitch%5cicon.png/</thumb>
		<action>ActivateWindow(10025,&quot;plugin://plugin.video.twitch&quot;,return)</action>
	</shortcut>
	<shortcut>
		<defaultID>plugin.video.myvevo</defaultID>
		<label>VEVO</label>
		<label2>Video Add-On</label2>
		<icon>DefaultShortcut.png</icon>
		<thumb>image://C%3a%5cUsers%5candrea%5cAppData%5cRoaming%5cKodi%5caddons%5cplugin.video.myvevo%5cicon.png/</thumb>
		<action>ActivateWindow(10025,&quot;plugin://plugin.video.myvevo&quot;,return)</action>
	</shortcut>
	<shortcut>
		<defaultID>plugin.audio.mp3streams</defaultID>
		<label>MP3 Streams</label>
		<label2>Music Add-On</label2>
		<icon>DefaultShortcut.png</icon>
		<thumb>image://C%3a%5cUsers%5candrea%5cAppData%5cRoaming%5cKodi%5caddons%5cplugin.audio.mp3streams%5cicon.png/</thumb>
		<action>ActivateWindow(10501,&quot;plugin://plugin.audio.mp3streams&quot;,return)</action>
	</shortcut>
	<shortcut>
		<defaultID>plugin.audio.MD3-Audio</defaultID>
		<label>MD3 Audio</label>
		<label2>Music Add-On</label2>
		<icon>DefaultShortcut.png</icon>
		<thumb>image://C%3a%5cUsers%5candrea%5cAppData%5cRoaming%5cKodi%5caddons%5cplugin.audio.MD3-Audio%5cicon.png/</thumb>
		<action>ActivateWindow(10501,&quot;plugin://plugin.audio.MD3-Audio&quot;,return)</action>
	</shortcut>
	<shortcut>
		<defaultID>plugin.audio.radio_de</defaultID>
		<label>Radio</label>
		<label2>Music Add-On</label2>
		<icon>DefaultShortcut.png</icon>
		<thumb>image://C%3a%5cUsers%5candrea%5cAppData%5cRoaming%5cKodi%5caddons%5cplugin.audio.radio_de%5cicon.png/</thumb>
		<action>ActivateWindow(10501,&quot;plugin://plugin.audio.radio_de&quot;,return)</action>
	</shortcut>
	<shortcut>
		<defaultID>plugin.video.syfy</defaultID>
		<label>Syfy</label>
		<label2>Video Add-On</label2>
		<icon>DefaultShortcut.png</icon>
		<thumb>special://profile/addon_data/script.skinshortcuts/skin.confluence-thumb-plugin.video.syfy.png</thumb>
		<action>ActivateWindow(10025,&quot;plugin://plugin.video.syfy&quot;,return)</action>
	</shortcut>
	<shortcut>
		<defaultID>plugin.video.ted.talks</defaultID>
		<label>TED Talks</label>
		<label2>Video Add-On</label2>
		<icon>DefaultShortcut.png</icon>
		<thumb>special://profile/addon_data/script.skinshortcuts/skin.confluence-thumb-plugin.video.ted.talks.png</thumb>
		<action>ActivateWindow(10025,&quot;plugin://plugin.video.ted.talks&quot;,return)</action>
	</shortcut>
	<shortcut>
		<defaultID>plugin.video.bbciplayer</defaultID>
		<label>BBC iPlayer</label>
		<label2>Video Add-On</label2>
		<icon>DefaultShortcut.png</icon>
		<thumb>special://profile/addon_data/script.skinshortcuts/skin.confluence-thumb-plugin.video.bbciplayer.png</thumb>
		<action>ActivateWindow(10025,&quot;plugin://plugin.video.bbciplayer&quot;,return)</action>
	</shortcut>
	<shortcut>
		<defaultID>plugin.video.aljazeera</defaultID>
		<label>Al Jazeera</label>
		<label2>Video Add-On</label2>
		<icon>DefaultShortcut.png</icon>
		<thumb>special://profile/addon_data/script.skinshortcuts/skin.confluence-thumb-plugin.video.aljazeera.png</thumb>
		<action>ActivateWindow(10025,&quot;plugin://plugin.video.aljazeera&quot;,return)</action>
	</shortcut>
	<shortcut>
		<defaultID>plugin.video.itv</defaultID>
		<label>ITV</label>
		<label2>Video Add-On</label2>
		<icon>DefaultShortcut.png</icon>
		<thumb>special://profile/addon_data/script.skinshortcuts/skin.confluence-thumb-plugin.video.itv.png</thumb>
		<action>ActivateWindow(10025,&quot;plugin://plugin.video.itv&quot;,return)</action>
	</shortcut>
	<shortcut>
		<defaultID>plugin.video.nasa</defaultID>
		<label>Nasa</label>
		<label2>Video Add-On</label2>
		<icon>DefaultShortcut.png</icon>
		<thumb>special://profile/addon_data/script.skinshortcuts/skin.confluence-thumb-plugin.video.nasa.png</thumb>
		<action>ActivateWindow(10025,&quot;plugin://plugin.video.nasa&quot;,return)</action>
	</shortcut>
</shortcuts>