<?xml version="1.0" encoding="utf-8"?><shortcuts>
	<shortcut>
		<defaultID>136</defaultID>
		<label>136</label>
		<label2>item</label2>
		<icon>special://skin/extras/icons/playlist.png</icon>
		<thumb/>
		<action>ActivateWindow(10502,special://musicplaylists/,return)</action>
	</shortcut>
	<shortcut>
		<defaultID>plugin.video.myvevo</defaultID>
		<label>VEVO</label>
		<label2>Video Add-On</label2>
		<icon>DefaultShortcut.png</icon>
		<thumb>image://C%3a%5cUsers%5candrea%5cAppData%5cRoaming%5cKodi%5caddons%5cplugin.video.myvevo%5cicon.png/</thumb>
		<action>ActivateWindow(10025,&quot;plugin://plugin.video.myvevo&quot;,return)</action>
	</shortcut>
	<shortcut>
		<defaultID>plugin.video.youtube</defaultID>
		<label>YouTube</label>
		<label2>Video Add-On</label2>
		<icon>DefaultShortcut.png</icon>
		<thumb>image://C%3a%5cUsers%5candrea%5cAppData%5cRoaming%5cKodi%5caddons%5cplugin.video.youtube%5cicon.png/</thumb>
		<action>ActivateWindow(10025,&quot;plugin://plugin.video.youtube&quot;,return)</action>
	</shortcut>
	<shortcut>
		<defaultID>plugin.audio.binaural</defaultID>
		<label>Bin@ural</label>
		<label2>Music Add-On</label2>
		<icon>DefaultShortcut.png</icon>
		<thumb>image://C%3a%5cUsers%5candrea%5cAppData%5cRoaming%5cKodi%5caddons%5cplugin.audio.binaural%5cicon.png/</thumb>
		<action>ActivateWindow(10501,&quot;plugin://plugin.audio.binaural&quot;,return)</action>
	</shortcut>
	<shortcut>
		<defaultID>script.audio.pandora</defaultID>
		<label>Pandora</label>
		<label2>Music Add-On</label2>
		<icon>DefaultAddon.png</icon>
		<thumb>image://C%3a%5cUsers%5candrea%5cAppData%5cRoaming%5cKodi%5caddons%5cscript.audio.pandora%5cicon.png/</thumb>
		<action>RunAddOn(script.audio.pandora)</action>
	</shortcut>
	<shortcut>
		<defaultID/>
		<label>Staael Music Lists</label>
		<label2>Video Add-On</label2>
		<icon>DefaultShortcut.png</icon>
		<thumb>special://profile/addon_data/script.skinshortcuts/skin.confluence-thumb-Staael Music Lists.png</thumb>
		<action>ActivateWindow(10025,&quot;plugin://plugin.video.phstreams/?name=Music&amp;url=http%3A%2F%2Ftuzla.watchkodi.com%2Fmusic%2FMusic-Directory.xml&amp;audio=0&amp;image=http%3A%2F%2Fi.imgur.com%2FWxWAUkT.png&amp;fanart=http%3A%2F%2Fi.imgur.com%2FW7qRvEq.png&amp;playable=false&amp;tvshow=0&amp;content=0&amp;action=ndmode&quot;,return)</action>
	</shortcut>
	<shortcut>
		<defaultID/>
		<label>Rock Concerts</label>
		<label2>Video Add-On</label2>
		<icon>DefaultShortcut.png</icon>
		<thumb>special://profile/addon_data/script.skinshortcuts/skin.confluence-thumb-Rock Concerts.jpg</thumb>
		<action>ActivateWindow(10025,&quot;plugin://plugin.video.phstreams/?name=%5BCOLOR+yellow%5DRock+Concert%5B%2FCOLOR%5D&amp;url=http%3A%2F%2Fyork.watchkodi.com%2FPlaylists%2FRock%2520Concerts.xml&amp;audio=0&amp;image=http%3A%2F%2Fs5.postimg.org%2F3ydekap8n%2FRock_Concert.jpg&amp;fanart=http%3A%2F%2Fs5.postimg.org%2Fn5fv921c7%2FFan_art.png&amp;playable=false&amp;tvshow=0&amp;content=0&amp;action=ndmode&quot;,return)</action>
	</shortcut>
	<shortcut>
		<defaultID/>
		<label>Rock Doc's</label>
		<label2>Video Add-On</label2>
		<icon>DefaultShortcut.png</icon>
		<thumb>special://profile/addon_data/script.skinshortcuts/skin.confluence-thumb-Rock Doc's.jpg</thumb>
		<action>ActivateWindow(10025,&quot;plugin://plugin.video.phstreams/?name=Rock+Doc%27s&amp;url=http%3A%2F%2Fgibraltar.watchkodi.com%2FCollections%2Frockdoc.xml&amp;audio=0&amp;image=http%3A%2F%2Fs21.postimg.org%2F49u2b344n%2FRock_Docs.jpg&amp;fanart=http%3A%2F%2Fimg05.deviantart.net%2F6db8%2Fi%2F2013%2F337%2Fb%2Ff%2Fuprising_of_the_mockingjay_by_sikundoto-d6wm4rz.jpg&amp;playable=false&amp;tvshow=0&amp;content=0&amp;action=ndmode&quot;,return)</action>
	</shortcut>
	<shortcut>
		<defaultID/>
		<label>Disco Fever</label>
		<label2>Video Add-On</label2>
		<icon>DefaultShortcut.png</icon>
		<thumb>special://profile/addon_data/script.skinshortcuts/skin.confluence-thumb-Disco Fever.jpg</thumb>
		<action>ActivateWindow(10025,&quot;plugin://plugin.video.phstreams/?name=Disco+Fever&amp;url=http%3A%2F%2Fgibraltar.watchkodi.com%2FCollections%2Fdiscofever.xml&amp;audio=0&amp;image=http%3A%2F%2Fcorytonpta.files.wordpress.com%2F2012%2F07%2Fdisco-fever.jpg&amp;fanart=http%3A%2F%2Fimg05.deviantart.net%2F6db8%2Fi%2F2013%2F337%2Fb%2Ff%2Fuprising_of_the_mockingjay_by_sikundoto-d6wm4rz.jpg&amp;playable=false&amp;tvshow=0&amp;content=0&amp;action=ndmode&quot;,return)</action>
	</shortcut>
	<shortcut>
		<defaultID>plugin.video.concertarchive</defaultID>
		<label>Concert Archive</label>
		<label2>Music Add-On</label2>
		<icon>DefaultShortcut.png</icon>
		<thumb>image://C%3a%5cUsers%5candrea%5cAppData%5cRoaming%5cKodi%5caddons%5cplugin.video.concertarchive%5cicon.png/</thumb>
		<action>ActivateWindow(10501,&quot;plugin://plugin.video.concertarchive&quot;,return)</action>
	</shortcut>
	<shortcut>
		<defaultID>plugin.audio.MD3-Audio</defaultID>
		<label>MD3 Audio</label>
		<label2>Music Add-On</label2>
		<icon>DefaultShortcut.png</icon>
		<thumb>image://C%3a%5cUsers%5candrea%5cAppData%5cRoaming%5cKodi%5caddons%5cplugin.audio.MD3-Audio%5cicon.png/</thumb>
		<action>ActivateWindow(10501,&quot;plugin://plugin.audio.MD3-Audio&quot;,return)</action>
	</shortcut>
	<shortcut>
		<defaultID>plugin.audio.radio_de</defaultID>
		<label>Radio</label>
		<label2>Music Add-On</label2>
		<icon>DefaultShortcut.png</icon>
		<thumb>image://C%3a%5cUsers%5candrea%5cAppData%5cRoaming%5cKodi%5caddons%5cplugin.audio.radio_de%5cicon.png/</thumb>
		<action>ActivateWindow(10501,&quot;plugin://plugin.audio.radio_de&quot;,return)</action>
	</shortcut>
	<shortcut>
		<defaultID>plugin.video.ultimateguitar</defaultID>
		<label>Ultimate Guitar</label>
		<label2>Video Add-On</label2>
		<icon>DefaultShortcut.png</icon>
		<thumb>image://C%3a%5cUsers%5candrea%5cAppData%5cRoaming%5cKodi%5caddons%5cplugin.video.ultimateguitar%5cicon.png/</thumb>
		<action>ActivateWindow(10025,&quot;plugin://plugin.video.ultimateguitar&quot;,return)</action>
	</shortcut>
	<shortcut>
		<defaultID>14022</defaultID>
		<label>14022</label>
		<label2/>
		<icon>DefaultShortcut.png</icon>
		<thumb/>
		<action>ActivateWindow(MusicLibrary,root)</action>
	</shortcut>
</shortcuts>