<?xml version="1.0" encoding="utf-8"?><shortcuts>
	<shortcut>
		<defaultID>plugin.video.aljazeera</defaultID>
		<label>Al Jazeera</label>
		<label2>Video Add-On</label2>
		<icon>DefaultShortcut.png</icon>
		<thumb>special://profile/addon_data/script.skinshortcuts/skin.confluence-thumb-plugin.video.aljazeera.png</thumb>
		<action>ActivateWindow(10025,&quot;plugin://plugin.video.aljazeera&quot;,return)</action>
	</shortcut>
	<shortcut>
		<defaultID>plugin.video.itv</defaultID>
		<label>ITV</label>
		<label2>Video Add-On</label2>
		<icon>DefaultShortcut.png</icon>
		<thumb>special://profile/addon_data/script.skinshortcuts/skin.confluence-thumb-plugin.video.itv.png</thumb>
		<action>ActivateWindow(10025,&quot;plugin://plugin.video.itv&quot;,return)</action>
	</shortcut>
	<shortcut>
		<defaultID>plugin.video.4od</defaultID>
		<label>4oD</label>
		<label2>Video Add-On</label2>
		<icon>DefaultShortcut.png</icon>
		<thumb>special://profile/addon_data/script.skinshortcuts/skin.confluence-thumb-plugin.video.4od.png</thumb>
		<action>ActivateWindow(10025,&quot;plugin://plugin.video.4od&quot;,return)</action>
	</shortcut>
	<shortcut>
		<defaultID>plugin.video.uktvplay</defaultID>
		<label>UKTV Play</label>
		<label2>Video Add-On</label2>
		<icon>DefaultShortcut.png</icon>
		<thumb>special://profile/addon_data/script.skinshortcuts/skin.confluence-thumb-plugin.video.uktvplay.png</thumb>
		<action>ActivateWindow(10025,&quot;plugin://plugin.video.uktvplay&quot;,return)</action>
	</shortcut>
	<shortcut>
		<defaultID>plugin.video.live.au.abc_news24</defaultID>
		<label>ABC News 24</label>
		<label2>Video Add-On</label2>
		<icon>DefaultShortcut.png</icon>
		<thumb>special://profile/addon_data/script.skinshortcuts/skin.confluence-thumb-plugin.video.live.au.abc_news24.png</thumb>
		<action>ActivateWindow(10025,&quot;plugin://plugin.video.live.au.abc_news24&quot;,return)</action>
	</shortcut>
	<shortcut>
		<defaultID>plugin.video.ted.talks</defaultID>
		<label>TED Talks</label>
		<label2>Video Add-On</label2>
		<icon>DefaultShortcut.png</icon>
		<thumb>special://profile/addon_data/script.skinshortcuts/skin.confluence-thumb-plugin.video.ted.talks.png</thumb>
		<action>ActivateWindow(10025,&quot;plugin://plugin.video.ted.talks&quot;,return)</action>
	</shortcut>
	<shortcut>
		<defaultID>plugin.video.syfy</defaultID>
		<label>Syfy</label>
		<label2>Video Add-On</label2>
		<icon>DefaultShortcut.png</icon>
		<thumb>special://profile/addon_data/script.skinshortcuts/skin.confluence-thumb-plugin.video.syfy.png</thumb>
		<action>ActivateWindow(10025,&quot;plugin://plugin.video.syfy&quot;,return)</action>
	</shortcut>
	<shortcut>
		<defaultID>plugin.video.ustvvod</defaultID>
		<label>USTV VoD</label>
		<label2>Video Add-On</label2>
		<icon>DefaultShortcut.png</icon>
		<thumb>special://profile/addon_data/script.skinshortcuts/skin.confluence-thumb-plugin.video.ustvvod.png</thumb>
		<action>ActivateWindow(10025,&quot;plugin://plugin.video.ustvvod&quot;,return)</action>
	</shortcut>
	<shortcut>
		<defaultID>plugin.video.bravo</defaultID>
		<label>Bravo</label>
		<label2>Video Add-On</label2>
		<icon>DefaultShortcut.png</icon>
		<thumb>special://profile/addon_data/script.skinshortcuts/skin.confluence-thumb-plugin.video.bravo.png</thumb>
		<action>ActivateWindow(10025,&quot;plugin://plugin.video.bravo&quot;,return)</action>
	</shortcut>
	<shortcut>
		<defaultID>plugin.video.nasa</defaultID>
		<label>Nasa</label>
		<label2>Video Add-On</label2>
		<icon>DefaultShortcut.png</icon>
		<thumb>special://profile/addon_data/script.skinshortcuts/skin.confluence-thumb-plugin.video.nasa.png</thumb>
		<action>ActivateWindow(10025,&quot;plugin://plugin.video.nasa&quot;,return)</action>
	</shortcut>
	<shortcut>
		<defaultID>plugin.video.cbsn</defaultID>
		<label>CBSN News Live</label>
		<label2>Video Add-On</label2>
		<icon>DefaultShortcut.png</icon>
		<thumb>special://profile/addon_data/script.skinshortcuts/skin.confluence-thumb-plugin.video.cbsn.png</thumb>
		<action>ActivateWindow(10025,&quot;plugin://plugin.video.cbsn&quot;,return)</action>
	</shortcut>
	<shortcut>
		<defaultID>plugin.video.ytsf</defaultID>
		<label>Science Fiction Movies</label>
		<label2>Video Add-On</label2>
		<icon>DefaultShortcut.png</icon>
		<thumb>special://profile/addon_data/script.skinshortcuts/skin.confluence-thumb-plugin.video.ytsf.png</thumb>
		<action>ActivateWindow(10025,&quot;plugin://plugin.video.ytsf&quot;,return)</action>
	</shortcut>
	<shortcut>
		<defaultID>plugin.video.videophile</defaultID>
		<label>VideoPhile</label>
		<label2>Video Add-On</label2>
		<icon>DefaultShortcut.png</icon>
		<thumb>special://profile/addon_data/script.skinshortcuts/skin.confluence-thumb-plugin.video.videophile.png</thumb>
		<action>ActivateWindow(10025,&quot;plugin://plugin.video.videophile&quot;,return)</action>
	</shortcut>
	<shortcut>
		<defaultID>plugin.video.foodnetwork</defaultID>
		<label>Food Network</label>
		<label2>Video Add-On</label2>
		<icon>DefaultShortcut.png</icon>
		<thumb>special://profile/addon_data/script.skinshortcuts/skin.confluence-thumb-plugin.video.foodnetwork.png</thumb>
		<action>ActivateWindow(10025,&quot;plugin://plugin.video.foodnetwork&quot;,return)</action>
	</shortcut>
	<shortcut>
		<defaultID>plugin.video.abcfamily</defaultID>
		<label>ABC Family</label>
		<label2>Video Add-On</label2>
		<icon>DefaultShortcut.png</icon>
		<thumb>special://profile/addon_data/script.skinshortcuts/skin.confluence-thumb-plugin.video.abcfamily.png</thumb>
		<action>ActivateWindow(10025,&quot;plugin://plugin.video.abcfamily&quot;,return)</action>
	</shortcut>
	<shortcut>
		<defaultID>plugin.video.hallmark</defaultID>
		<label>Hallmark Channel</label>
		<label2>Video Add-On</label2>
		<icon>DefaultShortcut.png</icon>
		<thumb>special://home%5caddons%5cplugin.video.hallmark%5cicon.png/</thumb>
		<action>ActivateWindow(10025,&quot;plugin://plugin.video.hallmark&quot;,return)</action>
	</shortcut>
	<shortcut>
		<defaultID>plugin.video.howstuffworks_com</defaultID>
		<label>HowStuffWorks.com</label>
		<label2>Video Add-On</label2>
		<icon>DefaultShortcut.png</icon>
		<thumb>special://home%5caddons%5cplugin.video.howstuffworks_com%5cicon.png/</thumb>
		<action>ActivateWindow(10025,&quot;plugin://plugin.video.howstuffworks_com&quot;,return)</action>
	</shortcut>
	<shortcut>
		<defaultID>plugin.video.thinktv</defaultID>
		<label>PBS ThinkTV</label>
		<label2>Video Add-On</label2>
		<icon>DefaultShortcut.png</icon>
		<thumb>special://home%5caddons%5cplugin.video.thinktv%5cicon.png/</thumb>
		<action>ActivateWindow(10025,&quot;plugin://plugin.video.thinktv&quot;,return)</action>
	</shortcut>
	<shortcut>
		<defaultID>plugin.video.redbull.tv</defaultID>
		<label>Red Bull TV</label>
		<label2>Video Add-On</label2>
		<icon>DefaultShortcut.png</icon>
		<thumb>special://home%5caddons%5cplugin.video.redbull.tv%5cicon.png/</thumb>
		<action>ActivateWindow(10025,&quot;plugin://plugin.video.redbull.tv&quot;,return)</action>
	</shortcut>
	<shortcut>
		<defaultID>plugin.video.veetle</defaultID>
		<label>Veetle</label>
		<label2>Video Add-On</label2>
		<icon>DefaultShortcut.png</icon>
		<thumb>special://home%5caddons%5cplugin.video.veetle%5cicon.png/</thumb>
		<action>ActivateWindow(10025,&quot;plugin://plugin.video.veetle&quot;,return)</action>
	</shortcut>
</shortcuts>