<?xml version="1.0" encoding="utf-8"?><shortcuts>
	<shortcut>
		<defaultID/>
		<label>PVR</label>
		<label2>Custom shortcut</label2>
		<icon>DefaultShortcut.png</icon>
		<thumb/>
		<action>ActivateWindow(MYPVR)</action>
	</shortcut>
	<shortcut>
		<defaultID>resettvguidedatabase</defaultID>
		<label>RESET TV GUIDE</label>
		<label2>Favourite</label2>
		<icon>special://skin/extras/icons/files.png</icon>
		<thumb>C:\Users\andrea\AppData\Roaming\Kodi\addons\plugin.video.tvguidetools\resources\art\reset.jpg</thumb>
		<action>ActivateWindow(10025,&quot;plugin://plugin.video.tvguidetools/?description&amp;fanart=C:\Users\andrea\AppData\Roaming\Kodi\addons\plugin.video.tvguidetools\fanart.jpg&amp;iconimage=C:\Users\andrea\AppData\Roaming\Kodi\addons\plugin.video.tvguidetools\resources\art\reset.jpg&amp;mode=18&amp;name=RESET TV GUIDE Database&amp;url=url&quot;,return)</action>
	</shortcut>
	<shortcut>
		<defaultID>plugin.video.stalker</defaultID>
		<label>IPTV Stalker</label>
		<label2>Video Add-On</label2>
		<icon>DefaultShortcut.png</icon>
		<thumb>special://profile/addon_data/script.skinshortcuts/skin.confluence-thumb-plugin.video.stalker.png</thumb>
		<action>ActivateWindow(10025,&quot;plugin://plugin.video.stalker&quot;,return)</action>
	</shortcut>
	<shortcut>
		<defaultID>plugin.video.dextertv</defaultID>
		<label>dexterTV</label>
		<label2>Video Add-On</label2>
		<icon>DefaultShortcut.png</icon>
		<thumb>special://profile/addon_data/script.skinshortcuts/skin.confluence-thumb-plugin.video.dextertv.png</thumb>
		<action>ActivateWindow(10025,&quot;plugin://plugin.video.dextertv&quot;,return)</action>
	</shortcut>
	<shortcut>
		<defaultID>plugin.video.ccloudtv</defaultID>
		<label>cCloud TV</label>
		<label2>Video Add-On</label2>
		<icon>DefaultShortcut.png</icon>
		<thumb>special://profile/addon_data/script.skinshortcuts/skin.confluence-thumb-plugin.video.ccloudtv.png</thumb>
		<action>ActivateWindow(10025,&quot;plugin://plugin.video.ccloudtv&quot;,return)</action>
	</shortcut>
	<shortcut>
		<defaultID>englishtv</defaultID>
		<label>Uk Turk</label>
		<label2>Favourite</label2>
		<icon>special://skin/extras/icons/files.png</icon>
		<thumb>special://profile/addon_data/script.skinshortcuts/skin.confluence-thumb-englishtv.jpg</thumb>
		<action>ActivateWindow(10025,&quot;plugin://plugin.video.ukturk/?description&amp;iconimage=http://metalkettle.co/UKTurk2/thumbs/UK TURK english tv.jpg&amp;mode=1&amp;name=English TV&amp;url=http://metalkettle.co/UKTurk2/EnglishList.txt&quot;,return)</action>
	</shortcut>
	<shortcut>
		<defaultID>plugin.video.uktvnow</defaultID>
		<label>UK TV Now</label>
		<label2>Video Add-On</label2>
		<icon>DefaultShortcut.png</icon>
		<thumb>special://profile/addon_data/script.skinshortcuts/skin.confluence-thumb-plugin.video.uktvnow.png</thumb>
		<action>ActivateWindow(10025,&quot;plugin://plugin.video.uktvnow&quot;,return)</action>
	</shortcut>
	<shortcut>
		<defaultID>b-colorlimegreen-livetv-color-b</defaultID>
		<label>Operation Robocop LiveTV</label>
		<label2>Favourite</label2>
		<icon>special://skin/extras/icons/files.png</icon>
		<thumb>special://profile/addon_data/script.skinshortcuts/skin.confluence-thumb-b-colorlimegreen-livetv-color-b.png</thumb>
		<action>ActivateWindow(10025,&quot;plugin://plugin.video.Operation_RobocopUltimate/?fanart&amp;mode=1&amp;name=[B][COLOR limegreen] LIVE TV  [/COLOR][/B] &amp;url=http://robocop-kodi.ddns.net/lists/livetv/list.xml&quot;,return)</action>
	</shortcut>
	<shortcut>
		<defaultID>plugin.video.Daffyslist</defaultID>
		<label>Daffyslist</label>
		<label2>Video Add-On</label2>
		<icon>DefaultShortcut.png</icon>
		<thumb>special://profile/addon_data/script.skinshortcuts/skin.confluence-thumb-plugin.video.Daffyslist.png</thumb>
		<action>ActivateWindow(10025,&quot;plugin://plugin.video.Daffyslist&quot;,return)</action>
	</shortcut>
	<shortcut>
		<defaultID>plugin.video.pakindia</defaultID>
		<label>Pak India Live</label>
		<label2>Video Add-On</label2>
		<icon>DefaultShortcut.png</icon>
		<thumb>special://profile/addon_data/script.skinshortcuts/skin.confluence-thumb-plugin.video.pakindia.png</thumb>
		<action>ActivateWindow(10025,&quot;plugin://plugin.video.pakindia&quot;,return)</action>
	</shortcut>
	<shortcut>
		<defaultID>plugin.video.RobinHood-PPL-List</defaultID>
		<label>RobinHood-Project</label>
		<label2>Video Add-On</label2>
		<icon>DefaultShortcut.png</icon>
		<thumb>special://profile/addon_data/script.skinshortcuts/skin.confluence-thumb-plugin.video.RobinHood-PPL-List.png</thumb>
		<action>ActivateWindow(10025,&quot;plugin://plugin.video.RobinHood-PPL-List&quot;,return)</action>
	</shortcut>
	<shortcut>
		<defaultID>plugin.video.channelpear</defaultID>
		<label>channel PEAR</label>
		<label2>Video Add-On</label2>
		<icon>DefaultShortcut.png</icon>
		<thumb>special://profile/addon_data/script.skinshortcuts/skin.confluence-thumb-plugin.video.channelpear.png</thumb>
		<action>ActivateWindow(10025,&quot;plugin://plugin.video.channelpear&quot;,return)</action>
	</shortcut>
	<shortcut>
		<defaultID>plugin.video.israelive</defaultID>
		<label>IsraeLive</label>
		<label2>Video Add-On</label2>
		<icon>DefaultShortcut.png</icon>
		<thumb>special://profile/addon_data/script.skinshortcuts/skin.confluence-thumb-plugin.video.israelive.png</thumb>
		<action>ActivateWindow(10025,&quot;plugin://plugin.video.israelive&quot;,return)</action>
	</shortcut>
	<shortcut>
		<defaultID>plugin.video.mdfubar</defaultID>
		<label>.F.U.B.A.R.</label>
		<label2>Video Add-On</label2>
		<icon>DefaultShortcut.png</icon>
		<thumb>special://profile/addon_data/script.skinshortcuts/skin.confluence-thumb-plugin.video.mdfubar.png</thumb>
		<action>ActivateWindow(10025,&quot;plugin://plugin.video.mdfubar&quot;,return)</action>
	</shortcut>
	<shortcut>
		<defaultID>plugin.video.DiavolettoBeatsLists</defaultID>
		<label>Diavoletto Next Chapter</label>
		<label2>Video Add-On</label2>
		<icon>DefaultShortcut.png</icon>
		<thumb>special://profile/addon_data/script.skinshortcuts/skin.confluence-thumb-plugin.video.DiavolettoBeatsLists.png</thumb>
		<action>ActivateWindow(10025,&quot;plugin://plugin.video.DiavolettoBeatsLists&quot;,return)</action>
	</shortcut>
	<shortcut>
		<defaultID>plugin.video.freestreams</defaultID>
		<label>Free Streams</label>
		<label2>Video Add-On</label2>
		<icon>DefaultShortcut.png</icon>
		<thumb>special://profile/addon_data/script.skinshortcuts/skin.confluence-thumb-plugin.video.freestreams.png</thumb>
		<action>ActivateWindow(10025,&quot;plugin://plugin.video.freestreams&quot;,return)</action>
	</shortcut>
	<shortcut>
		<defaultID>plugin.video.ProjectCypher</defaultID>
		<label>ProjectCypherTV</label>
		<label2>Video Add-On</label2>
		<icon>DefaultShortcut.png</icon>
		<thumb>special://profile/addon_data/script.skinshortcuts/skin.confluence-thumb-plugin.video.ProjectCypher.png</thumb>
		<action>ActivateWindow(10025,&quot;plugin://plugin.video.ProjectCypher&quot;,return)</action>
	</shortcut>
</shortcuts>