<?xml version="1.0" encoding="utf-8"?><shortcuts>
	<shortcut>
		<defaultID/>
		<label>Live Sports</label>
		<label2>Video Add-On</label2>
		<icon>DefaultShortcut.png</icon>
		<thumb>image://C%3a%5cUsers%5candrea%5cAppData%5cRoaming%5cKodi%5caddons%5cplugin.video.SportsDevil%5cresources%5cimages%5clivesports.png/</thumb>
		<action>ActivateWindow(10025,&quot;plugin://plugin.video.SportsDevil/?mode=1&amp;item=title%3DLive%2BSports%26url%3Dlivesports.cfg%26definedIn%3DmainMenu.cfg%26director%3DSportsDevil%26genre%3DLive%2BSports%26type%3Drss%26icon%3DC%253A%255CUsers%255Candrea%255CAppData%255CRoaming%255CKodi%255Caddons%255Cplugin.video.SportsDevil%255Cresources%255Cimages%255Clivesports.png&quot;,return)</action>
	</shortcut>
	<shortcut>
		<defaultID>plugin.video.dextertv</defaultID>
		<label>dexterTV</label>
		<label2>Video Add-On</label2>
		<icon>DefaultShortcut.png</icon>
		<thumb>image://C%3a%5cUsers%5candrea%5cAppData%5cRoaming%5cKodi%5caddons%5cplugin.video.dextertv%5cicon.png/</thumb>
		<action>ActivateWindow(10025,&quot;plugin://plugin.video.dextertv&quot;,return)</action>
	</shortcut>
	<shortcut>
		<defaultID/>
		<label>SportsDevil</label>
		<label2>Custom shortcut</label2>
		<icon>DefaultShortcut.png</icon>
		<thumb/>
		<action>ActivateWindow(10025,&quot;plugin://plugin.video.SportsDevil&quot;,return)</action>
	</shortcut>
	<shortcut>
		<defaultID>plugin.video.MoneySports</defaultID>
		<label>MoneySports</label>
		<label2>Video Add-On</label2>
		<icon>DefaultShortcut.png</icon>
		<thumb>image://C%3a%5cUsers%5candrea%5cAppData%5cRoaming%5cKodi%5caddons%5cplugin.video.MoneySports%5cicon.png/</thumb>
		<action>ActivateWindow(10025,&quot;plugin://plugin.video.MoneySports&quot;,return)</action>
	</shortcut>
	<shortcut>
		<defaultID/>
		<label>Woody</label>
		<label2>Video Add-On</label2>
		<icon>DefaultShortcut.png</icon>
		<thumb>image://http%3a%2f%2fshanghai.watchkodi.com%2fSections%2fWoody%2fWoody.jpg/</thumb>
		<action>ActivateWindow(10025,&quot;plugin://plugin.video.phstreams/?name=Woody&amp;url=http%3A%2F%2Fshanghai.watchkodi.com%2FSections%2FWoody%2FWoody.xml&amp;audio=0&amp;image=http%3A%2F%2Fshanghai.watchkodi.com%2FSections%2FWoody%2FWoody.jpg&amp;fanart=http%3A%2F%2Fs20.postimg.org%2Fw4r6o7t3x%2FPhoenix_Fanart.png&amp;playable=false&amp;tvshow=0&amp;content=0&amp;action=ndmode&quot;,return)</action>
	</shortcut>
	<shortcut>
		<defaultID>plugin.video.Operation_RobocopUltimate</defaultID>
		<label>Operation Robocop</label>
		<label2>Video Add-On</label2>
		<icon>DefaultShortcut.png</icon>
		<thumb>image://C%3a%5cUsers%5candrea%5cAppData%5cRoaming%5cKodi%5caddons%5cplugin.video.Operation_RobocopUltimate%5cicon.png/</thumb>
		<action>ActivateWindow(10025,&quot;plugin://plugin.video.Operation_RobocopUltimate&quot;,return)</action>
	</shortcut>
	<shortcut>
		<defaultID>plugin.video.adryanlist</defaultID>
		<label>AdryanList</label>
		<label2>Video Add-On</label2>
		<icon>DefaultShortcut.png</icon>
		<thumb>image://C%3a%5cUsers%5candrea%5cAppData%5cRoaming%5cKodi%5caddons%5cplugin.video.adryanlist%5cicon.png/</thumb>
		<action>ActivateWindow(10025,&quot;plugin://plugin.video.adryanlist&quot;,return)</action>
	</shortcut>
	<shortcut>
		<defaultID>plugin.video.RobinHood-PPL-List</defaultID>
		<label>RobinHood-Project</label>
		<label2>Video Add-On</label2>
		<icon>DefaultShortcut.png</icon>
		<thumb>image://C%3a%5cUsers%5candrea%5cAppData%5cRoaming%5cKodi%5caddons%5cplugin.video.RobinHood-PPL-List%5cicon.png/</thumb>
		<action>ActivateWindow(10025,&quot;plugin://plugin.video.RobinHood-PPL-List&quot;,return)</action>
	</shortcut>
	<shortcut>
		<defaultID>plugin.video.zeus</defaultID>
		<label>Zeus</label>
		<label2>Video Add-On</label2>
		<icon>DefaultShortcut.png</icon>
		<thumb>image://C%3a%5cUsers%5candrea%5cAppData%5cRoaming%5cKodi%5caddons%5cplugin.video.zeus%5cicon.png/</thumb>
		<action>ActivateWindow(10025,&quot;plugin://plugin.video.zeus&quot;,return)</action>
	</shortcut>
	<shortcut>
		<defaultID/>
		<label>USA Live Sports</label>
		<label2>Custom shortcut</label2>
		<icon>DefaultShortcut.png</icon>
		<thumb>special://profile/addon_data/script.skinshortcuts/skin.confluence-thumb-USA Live Sports.png</thumb>
		<action>ActivateWindow(10025,&quot;plugin://plugin.video.phstreams/?name=USA%2FCanada+Sports&amp;url=http%3A%2F%2Fshanghai.watchkodi.com%2FSections%2FSports%2FUSA.Canada%2520Sports.xml&amp;audio=0&amp;image=http%3A%2F%2Fs20.postimg.org%2Fmz0gbdw65%2FCanada_USA_Flag.jpg&amp;fanart=http%3A%2F%2Fs20.postimg.org%2Fid8xgs00t%2FSports_Background.jpg&amp;playable=false&amp;tvshow=0&amp;content=0&amp;action=ndmode&quot;,return)</action>
	</shortcut>
	<shortcut>
		<defaultID/>
		<label>Sports TV</label>
		<label2>Video Add-On</label2>
		<icon>DefaultShortcut.png</icon>
		<thumb>image://C%3a%5cUsers%5candrea%5cAppData%5cRoaming%5cKodi%5caddons%5cplugin.video.SportsDevil%5cresources%5cimages%5cstation.png/</thumb>
		<action>ActivateWindow(10025,&quot;plugin://plugin.video.SportsDevil/?mode=1&amp;item=title%3DSports%2BTV%26url%3Dtv.cfg%26definedIn%3DmainMenu.cfg%26director%3DSportsDevil%26genre%3DTV%26type%3Drss%26icon%3DC%253A%255CUsers%255Candrea%255CAppData%255CRoaming%255CKodi%255Caddons%255Cplugin.video.SportsDevil%255Cresources%255Cimages%255Cstation.png&quot;,return)</action>
	</shortcut>
	<shortcut>
		<defaultID>plugin.video.redbull.tv</defaultID>
		<label>Red Bull TV</label>
		<label2>Video Add-On</label2>
		<icon>DefaultShortcut.png</icon>
		<thumb>image://C%3a%5cUsers%5candrea%5cAppData%5cRoaming%5cKodi%5caddons%5cplugin.video.redbull.tv%5cicon.png/</thumb>
		<action>ActivateWindow(10025,&quot;plugin://plugin.video.redbull.tv&quot;,return)</action>
	</shortcut>
	<shortcut>
		<defaultID>plugin.video.highlights</defaultID>
		<label>Football Highlights</label>
		<label2>Video Add-On</label2>
		<icon>DefaultShortcut.png</icon>
		<thumb>image://C%3a%5cUsers%5candrea%5cAppData%5cRoaming%5cKodi%5caddons%5cplugin.video.highlights%5cicon.png/</thumb>
		<action>ActivateWindow(10025,&quot;plugin://plugin.video.highlights&quot;,return)</action>
	</shortcut>
	<shortcut>
		<defaultID>plugin.video.football.today</defaultID>
		<label>Football Today</label>
		<label2>Video Add-On</label2>
		<icon>DefaultShortcut.png</icon>
		<thumb>image://C%3a%5cUsers%5candrea%5cAppData%5cRoaming%5cKodi%5caddons%5cplugin.video.football.today%5cicon.png/</thumb>
		<action>ActivateWindow(10025,&quot;plugin://plugin.video.football.today&quot;,return)</action>
	</shortcut>
	<shortcut>
		<defaultID/>
		<label>Sport Replays</label>
		<label2>Program</label2>
		<icon>DefaultShortcut.png</icon>
		<thumb>special://profile/addon_data/script.skinshortcuts/skin.confluence-thumb-Sport Replays.png</thumb>
		<action>ActivateWindow(10001,&quot;plugin://plugin.program.super.favourites/?label=Sport+Replays&amp;mode=400&amp;path=special%3A%2F%2Fprofile%2Faddon_data%2Fplugin.program.super.favourites%2FSuper+Favourites%5CSport+Replays&amp;image=http%3A%2F%2Fs20.postimg.org%2Fw5iqyo1el%2FReplay.png&amp;fanart=special%3A%2F%2Fhome%2Fmedia%2Fsplash.png&quot;,return)</action>
	</shortcut>
	<shortcut>
		<defaultID/>
		<label>[COLOR red]HD[/COLOR] Sports Movies</label>
		<label2>Video Add-On</label2>
		<icon>DefaultShortcut.png</icon>
		<thumb>special://profile/addon_data/script.skinshortcuts/skin.confluence-thumb-[COLOR red]HD[-COLOR] Sports Movies.jpg</thumb>
		<action>ActivateWindow(10025,&quot;plugin://plugin.video.phstreams/?name=%5BCOLOR+red%5DHD%5B%2FCOLOR%5D+Sports+Movies&amp;url=http%3A%2F%2Fgibraltar.watchkodi.com%2FMovies%2FHDSport.xml&amp;audio=0&amp;image=http%3A%2F%2Fs4.postimg.org%2Fav5nyzqwt%2FSports_Films_HD.jpg&amp;fanart=http%3A%2F%2Fwallcomphd.com%2Fwp-content%2Fuploads%2F2015%2F06%2F3D-The-Hunger-Games-Mockingjay-Logo-Wallpaper.jpg&amp;playable=false&amp;tvshow=0&amp;content=0&amp;action=ndmode&quot;,return)</action>
	</shortcut>
	<shortcut>
		<defaultID/>
		<label>Sports Films</label>
		<label2>Video Add-On</label2>
		<icon>DefaultShortcut.png</icon>
		<thumb>special://profile/addon_data/script.skinshortcuts/skin.confluence-thumb-Sports Films.jpg</thumb>
		<action>ActivateWindow(10025,&quot;plugin://plugin.video.phstreams/?name=Sports+Films&amp;url=http%3A%2F%2Fgibraltar.watchkodi.com%2FSports%2FSports_Directory.xml&amp;audio=0&amp;image=http%3A%2F%2Fs28.postimg.org%2Fm39uqniy5%2FSports_Films.jpg&amp;fanart=http%3A%2F%2Fimg05.deviantart.net%2F6db8%2Fi%2F2013%2F337%2Fb%2Ff%2Fuprising_of_the_mockingjay_by_sikundoto-d6wm4rz.jpg&amp;playable=false&amp;tvshow=0&amp;content=0&amp;action=ndmode&quot;,return)</action>
	</shortcut>
	<shortcut>
		<defaultID/>
		<label>History Of Football The Beautiful Game</label>
		<label2>Video Add-On</label2>
		<icon>DefaultShortcut.png</icon>
		<thumb>special://profile/addon_data/script.skinshortcuts/skin.confluence-thumb-History Of Football The Beautiful Game.jpg</thumb>
		<action>ActivateWindow(10025,&quot;plugin://plugin.video.phstreams/?name=History+Of+Football+The+Beautiful+Game&amp;url=http%3A%2F%2Fgibraltar.watchkodi.com%2FMisc%2Fhistoryfootball.xml&amp;audio=0&amp;image=http%3A%2F%2Fs12.postimg.org%2Fiugxdxsp9%2FHistory_Of_Soccer.jpg&amp;fanart=http%3A%2F%2Fimg05.deviantart.net%2F6db8%2Fi%2F2013%2F337%2Fb%2Ff%2Fuprising_of_the_mockingjay_by_sikundoto-d6wm4rz.jpg&amp;playable=false&amp;tvshow=0&amp;content=0&amp;action=ndmode&quot;,return)</action>
	</shortcut>
	<shortcut>
		<defaultID/>
		<label>Boxing Greatest Fights</label>
		<label2>Video Add-On</label2>
		<icon>DefaultShortcut.png</icon>
		<thumb>special://profile/addon_data/script.skinshortcuts/skin.confluence-thumb-Boxing Greatest Fights.jpg</thumb>
		<action>ActivateWindow(10025,&quot;plugin://plugin.video.phstreams/?name=Boxing+Greatest+Fights&amp;url=http%3A%2F%2Fgibraltar.watchkodi.com%2FCollections%2Fboxingfights.xml&amp;audio=0&amp;image=http%3A%2F%2Fs27.postimg.org%2F47oslnlf7%2FBoxing_Fights.jpg&amp;fanart=http%3A%2F%2Fimg05.deviantart.net%2F6db8%2Fi%2F2013%2F337%2Fb%2Ff%2Fuprising_of_the_mockingjay_by_sikundoto-d6wm4rz.jpg&amp;playable=false&amp;tvshow=0&amp;content=0&amp;action=ndmode&quot;,return)</action>
	</shortcut>
	<shortcut>
		<defaultID/>
		<label>Motor Week</label>
		<label2>Video Add-On</label2>
		<icon>DefaultShortcut.png</icon>
		<thumb>special://profile/addon_data/script.skinshortcuts/skin.confluence-thumb-Motor Week.jpg</thumb>
		<action>ActivateWindow(10025,&quot;plugin://plugin.video.phstreams/?name=Motor+Week&amp;url=http%3A%2F%2Fgibraltar.watchkodi.com%2FMisc%2Fmotor.xml&amp;audio=0&amp;image=http%3A%2F%2Fs14.postimg.org%2Fg9d0ljr69%2FMotor_Week.jpg&amp;fanart=http%3A%2F%2Fimg05.deviantart.net%2F6db8%2Fi%2F2013%2F337%2Fb%2Ff%2Fuprising_of_the_mockingjay_by_sikundoto-d6wm4rz.jpg&amp;playable=false&amp;tvshow=0&amp;content=0&amp;action=ndmode&quot;,return)</action>
	</shortcut>
	<shortcut>
		<defaultID/>
		<label>Sports Documentaries</label>
		<label2>Video Add-On</label2>
		<icon>DefaultShortcut.png</icon>
		<thumb>special://profile/addon_data/script.skinshortcuts/skin.confluence-thumb-Sports Documentaries.jpg</thumb>
		<action>ActivateWindow(10025,&quot;plugin://plugin.video.phstreams/?name=Sports+Documentaries&amp;url=http%3A%2F%2Fgibraltar.watchkodi.com%2FMisc%2Fsportdocs.xml&amp;audio=0&amp;image=http%3A%2F%2Fs15.postimg.org%2F5xw0lhdsb%2FSports_Docs.jpg&amp;fanart=http%3A%2F%2Fimg05.deviantart.net%2F6db8%2Fi%2F2013%2F337%2Fb%2Ff%2Fuprising_of_the_mockingjay_by_sikundoto-d6wm4rz.jpg&amp;playable=false&amp;tvshow=0&amp;content=0&amp;action=ndmode&quot;,return)</action>
	</shortcut>
	<shortcut>
		<defaultID/>
		<label>ESPN 30 For 30</label>
		<label2>Video Add-On</label2>
		<icon>DefaultShortcut.png</icon>
		<thumb>special://profile/addon_data/script.skinshortcuts/skin.confluence-thumb-ESPN 30 For 30.jpg</thumb>
		<action>ActivateWindow(10025,&quot;plugin://plugin.video.phstreams/?name=ESPN+30+For+30&amp;url=http%3A%2F%2Fgibraltar.watchkodi.com%2FMisc%2F30for30.xml&amp;audio=0&amp;image=http%3A%2F%2Fs27.postimg.org%2F4b8n64foz%2FEspn30.jpg&amp;fanart=http%3A%2F%2Fimg05.deviantart.net%2F6db8%2Fi%2F2013%2F337%2Fb%2Ff%2Fuprising_of_the_mockingjay_by_sikundoto-d6wm4rz.jpg&amp;playable=false&amp;tvshow=0&amp;content=0&amp;action=ndmode&quot;,return)</action>
	</shortcut>
	<shortcut>
		<defaultID/>
		<label>The Best Of Hockey Fights</label>
		<label2>Video Add-On</label2>
		<icon>DefaultShortcut.png</icon>
		<thumb>special://profile/addon_data/script.skinshortcuts/skin.confluence-thumb-The Best Of Hockey Fights.jpg</thumb>
		<action>ActivateWindow(10025,&quot;plugin://plugin.video.phstreams/?name=The+Best+Of+Hockey+Fights&amp;url=http%3A%2F%2Fgibraltar.watchkodi.com%2FHockeyFights%2Fhockeyfightsdirectory.xml&amp;audio=0&amp;image=http%3A%2F%2Fs7.postimg.org%2Fla55kflgr%2FHockey_Fights.jpg&amp;fanart=http%3A%2F%2Fimg05.deviantart.net%2F6db8%2Fi%2F2013%2F337%2Fb%2Ff%2Fuprising_of_the_mockingjay_by_sikundoto-d6wm4rz.jpg&amp;playable=false&amp;tvshow=0&amp;content=0&amp;action=ndmode&quot;,return)</action>
	</shortcut>
	<shortcut>
		<defaultID/>
		<label>Surfing USA</label>
		<label2>Video Add-On</label2>
		<icon>DefaultShortcut.png</icon>
		<thumb>special://profile/addon_data/script.skinshortcuts/skin.confluence-thumb-Surfing USA.jpg</thumb>
		<action>ActivateWindow(10025,&quot;plugin://plugin.video.phstreams/?name=Surfing+USA&amp;url=http%3A%2F%2Fgibraltar.watchkodi.com%2FMovies%2Fbeach.xml&amp;audio=0&amp;image=http%3A%2F%2Fs4.postimg.org%2F61jufv8gt%2FSurfing_USA.jpg&amp;fanart=http%3A%2F%2Fimg05.deviantart.net%2F6db8%2Fi%2F2013%2F337%2Fb%2Ff%2Fuprising_of_the_mockingjay_by_sikundoto-d6wm4rz.jpg&amp;playable=false&amp;tvshow=0&amp;content=0&amp;action=ndmode&quot;,return)</action>
	</shortcut>
	<shortcut>
		<defaultID/>
		<label>The Hunting Channel</label>
		<label2>Video Add-On</label2>
		<icon>DefaultShortcut.png</icon>
		<thumb>special://profile/addon_data/script.skinshortcuts/skin.confluence-thumb-The Hunting Channel.jpg</thumb>
		<action>ActivateWindow(10025,&quot;plugin://plugin.video.phstreams/?name=The+Hunting+Channel&amp;url=http%3A%2F%2Fgibraltar.watchkodi.com%2FHunting%2FHunting_Directory.xml&amp;audio=0&amp;image=http%3A%2F%2Fs4.postimg.org%2F8aykhwfgd%2FHunting_Channel.jpg&amp;fanart=http%3A%2F%2Fimg05.deviantart.net%2F6db8%2Fi%2F2013%2F337%2Fb%2Ff%2Fuprising_of_the_mockingjay_by_sikundoto-d6wm4rz.jpg&amp;playable=false&amp;tvshow=0&amp;content=0&amp;action=ndmode&quot;,return)</action>
	</shortcut>
	<shortcut>
		<defaultID/>
		<label>Horse Racing</label>
		<label2>Video Add-On</label2>
		<icon>DefaultShortcut.png</icon>
		<thumb>special://profile/addon_data/script.skinshortcuts/skin.confluence-thumb-Horse Racing.jpg</thumb>
		<action>ActivateWindow(10025,&quot;plugin://plugin.video.phstreams/?name=Horse+Racing&amp;url=http%3A%2F%2Fgibraltar.watchkodi.com%2FCollections%2Fhorseracing.xml&amp;audio=0&amp;image=http%3A%2F%2Fs17.postimg.org%2Fmigj67i27%2FHorse_Racing.jpg&amp;fanart=http%3A%2F%2Fimg05.deviantart.net%2F6db8%2Fi%2F2013%2F337%2Fb%2Ff%2Fuprising_of_the_mockingjay_by_sikundoto-d6wm4rz.jpg&amp;playable=false&amp;tvshow=0&amp;content=0&amp;action=ndmode&quot;,return)</action>
	</shortcut>
	<shortcut>
		<defaultID/>
		<label>Fitness</label>
		<label2>Program</label2>
		<icon>DefaultShortcut.png</icon>
		<thumb>special://profile/addon_data/script.skinshortcuts/skin.confluence-thumb-Fitness.jpg</thumb>
		<action>ActivateWindow(10001,&quot;plugin://plugin.program.super.favourites/?label=Fitness&amp;mode=400&amp;path=special%3A%2F%2Fprofile%2Faddon_data%2Fplugin.program.super.favourites%2FSuper+Favourites%5CFitness&amp;image=http%3A%2F%2Fs21.postimg.org%2Fjr9dvc6p3%2FFitness.jpg&amp;fanart=special%3A%2F%2Fhome%2Fmedia%2Fsplash.png&quot;,return)</action>
	</shortcut>
	<shortcut>
		<defaultID>b-colorlimegreen-vod-sportscatchup-color-b</defaultID>
		<label>Operation Robocop VOD</label>
		<label2>Favourite</label2>
		<icon>special://skin/extras/icons/files.png</icon>
		<thumb>special://profile/addon_data/script.skinshortcuts/skin.confluence-thumb-b-colorlimegreen-vod-sportscatchup-color-b.png</thumb>
		<action>ActivateWindow(10025,&quot;plugin://plugin.video.Operation_RobocopUltimate/?fanart&amp;mode=1&amp;name=%5bB%5d%5bCOLOR%20limegreen%5d%20VoD%20%2f%20Sports%20Catch%20Up%20%5b%2fCOLOR%5d%5b%2fB%5d&amp;url=http%3a%2f%2frobocop-kodi.ddns.net%2flists%2fvod%2flist.xml&quot;,return)</action>
	</shortcut>
	<shortcut>
		<defaultID>plugin.video.ccloudtv</defaultID>
		<label>cCloud TV</label>
		<label2>Video Add-On</label2>
		<icon>DefaultShortcut.png</icon>
		<thumb>image://C%3a%5cUsers%5candrea%5cAppData%5cRoaming%5cKodi%5caddons%5cplugin.video.ccloudtv%5cicon.png/</thumb>
		<action>ActivateWindow(10025,&quot;plugin://plugin.video.ccloudtv&quot;,return)</action>
	</shortcut>
	<shortcut>
		<defaultID>plugin.video.vdubt</defaultID>
		<label>Vdubt25</label>
		<label2>Video Add-On</label2>
		<icon>DefaultShortcut.png</icon>
		<thumb>image://C%3a%5cUsers%5candrea%5cAppData%5cRoaming%5cKodi%5caddons%5cplugin.video.vdubt%5cicon.png/</thumb>
		<action>ActivateWindow(10025,&quot;plugin://plugin.video.vdubt&quot;,return)</action>
	</shortcut>
	<shortcut>
		<defaultID>plugin.video.Test</defaultID>
		<label>Halow Live</label>
		<label2>Video Add-On</label2>
		<icon>DefaultShortcut.png</icon>
		<thumb>image://C%3a%5cUsers%5candrea%5cAppData%5cRoaming%5cKodi%5caddons%5cplugin.video.Test%5cicon.png/</thumb>
		<action>ActivateWindow(10025,&quot;plugin://plugin.video.Test&quot;,return)</action>
	</shortcut>
	<shortcut>
		<defaultID>plugin.video.ProjectCypher</defaultID>
		<label>ProjectCypherTV</label>
		<label2>Video Add-On</label2>
		<icon>DefaultShortcut.png</icon>
		<thumb>image://C%3a%5cUsers%5candrea%5cAppData%5cRoaming%5cKodi%5caddons%5cplugin.video.ProjectCypher%5cicon.png/</thumb>
		<action>ActivateWindow(10025,&quot;plugin://plugin.video.ProjectCypher&quot;,return)</action>
	</shortcut>
</shortcuts>