<?xml version="1.0" encoding="utf-8"?><shortcuts>
	<shortcut>
		<defaultID>4</defaultID>
		<label>4</label>
		<label2/>
		<icon>DefaultShortcut.png</icon>
		<thumb/>
		<action>RunAddon(script.tv.show.next.aired,return)</action>
		<visible>System.HasAddon(script.tv.show.next.aired)</visible>
	</shortcut>
	<shortcut>
		<defaultID/>
		<label>Search</label>
		<label2>Custom shortcut</label2>
		<icon>DefaultShortcut.png</icon>
		<thumb>special://skin/extras/icons/crosshair.png</thumb>
		<action>ActivateWindow(10001,&quot;plugin://plugin.program.super.favourites/?label=TVShows+Search&amp;mode=400&amp;path=special://profile/addon_data/plugin.program.super.favourites/Super+Favourites\TVShows+Search&amp;image=C:\Users\andrea\AppData\Roaming\Kodi\addons\plugin.video.genesis\resources\media\gone\tvSearch.jpg&amp;fanart=special://home/userdata/Backgrounds/Movies/halo-5-guardians-3840x2160-game-fps-sci-fi-battle-sky-light-rocks-1947.jpg&quot;,return)</action>
	</shortcut>
	<shortcut>
		<defaultID/>
		<label>IMDB Highest Rated</label>
		<label2>Video Add-On</label2>
		<icon>DefaultShortcut.png</icon>
		<thumb>special://home\addons\plugin.video.salts\art\themes\Simply Elegant\list.png</thumb>
		<action>ActivateWindow(10025,&quot;plugin://plugin.video.salts/?username=hulkhorgen&amp;section=TV&amp;mode=show_list&amp;slug=imdb-highest-rated-tv-series&quot;,return)</action>
	</shortcut>
	<shortcut>
		<defaultID/>
		<label>Latest Episodes</label>
		<label2>Video Add-On</label2>
		<icon>DefaultShortcut.png</icon>
		<thumb>special://profile/addon_data/script.skinshortcuts/skin.confluence-thumb-Latest Episodes.jpg</thumb>
		<action>ActivateWindow(10025,&quot;plugin://plugin.video.phstreams/?name=[COLOR+yellow]Current+TV+Shows[/COLOR]&amp;url=http://york.watchkodi.com/Playlists/TV.xml&amp;audio=0&amp;image=http://s5.postimg.org/6ly9gwsw7/Current_TV_shows.jpg&amp;fanart=http://s5.postimg.org/n5fv921c7/Fan_art.png&amp;playable=false&amp;tvshow=0&amp;content=0&amp;action=ndmode&quot;,return)</action>
	</shortcut>
	<shortcut>
		<defaultID/>
		<label>Trending TV Shows</label>
		<label2>Video Add-On</label2>
		<icon>DefaultShortcut.png</icon>
		<thumb>special://profile/addon_data/script.skinshortcuts/skin.confluence-thumb-Trending TV Shows.png</thumb>
		<action>ActivateWindow(10025,&quot;plugin://plugin.video.salts/?section=TV&amp;mode=trending&quot;,return)</action>
	</shortcut>
	<shortcut>
		<defaultID/>
		<label>Popular TV Shows</label>
		<label2>Video Add-On</label2>
		<icon>DefaultShortcut.png</icon>
		<thumb>special://profile/addon_data/script.skinshortcuts/skin.confluence-thumb-Popular TV Shows.png</thumb>
		<action>ActivateWindow(10025,&quot;plugin://plugin.video.salts/?section=TV&amp;mode=popular&quot;,return)</action>
	</shortcut>
	<shortcut>
		<defaultID/>
		<label>Recently Updated</label>
		<label2>Video Add-On</label2>
		<icon>DefaultShortcut.png</icon>
		<thumb>special://profile/addon_data/script.skinshortcuts/skin.confluence-thumb-Recently Updated.png</thumb>
		<action>ActivateWindow(10025,&quot;plugin://plugin.video.salts/?section=TV&amp;mode=recent&quot;,return)</action>
	</shortcut>
	<shortcut>
		<defaultID/>
		<label>TV Calendar</label>
		<label2>Video Add-On</label2>
		<icon>DefaultShortcut.png</icon>
		<thumb>special://profile/addon_data/script.skinshortcuts/skin.confluence-thumb-TV Calendar.png</thumb>
		<action>ActivateWindow(10025,&quot;plugin://plugin.video.salts/?mode=calendar&quot;,return)</action>
	</shortcut>
	<shortcut>
		<defaultID/>
		<label>Classic TV Shows</label>
		<label2>Video Add-On</label2>
		<icon>DefaultShortcut.png</icon>
		<thumb>image://http://metalkettle.co/UKTurk/thumbs/UK TURK classic tv.jpg</thumb>
		<action>ActivateWindow(10025,&quot;plugin://plugin.video.ukturk/?url=http://metalkettle.co/UKTurk/tv+shows/Index.txt&amp;mode=1&amp;name=Classic+TV+Shows&amp;iconimage=http://metalkettle.co/UKTurk/thumbs/UK+TURK+classic+tv.jpg&amp;description=&quot;,return)</action>
	</shortcut>
	<shortcut>
		<defaultID/>
		<label>Genesis TV Shows</label>
		<label2>Video Add-On</label2>
		<icon>DefaultShortcut.png</icon>
		<thumb>special://profile/addon_data/script.skinshortcuts/skin.confluence-thumb-Genesis TV Shows.jpg</thumb>
		<action>ActivateWindow(10025,&quot;plugin://plugin.video.genesis/?action=tvNavigator&quot;,return)</action>
	</shortcut>
	<shortcut>
		<defaultID/>
		<label>Salts Tv Shows</label>
		<label2>Video Add-On</label2>
		<icon>DefaultShortcut.png</icon>
		<thumb>special://profile/addon_data/script.skinshortcuts/skin.confluence-thumb-Salts Tv Shows.png</thumb>
		<action>ActivateWindow(10025,&quot;plugin://plugin.video.salts/?section=TV&amp;mode=browse&quot;,return)</action>
	</shortcut>
	<shortcut>
		<defaultID/>
		<label>1Channel Tv Shows</label>
		<label2>Video Add-On</label2>
		<icon>DefaultShortcut.png</icon>
		<thumb>special://profile/addon_data/script.skinshortcuts/skin.confluence-thumb-1Channel Tv Shows.png</thumb>
		<action>ActivateWindow(10025,&quot;plugin://plugin.video.1channel/?section=tv&amp;mode=BrowseListMenu&quot;,return)</action>
	</shortcut>
	<shortcut>
		<defaultID>plugin.video.rlseriesER</defaultID>
		<label>Rlseries</label>
		<label2>Video Add-On</label2>
		<icon>DefaultShortcut.png</icon>
		<thumb>special://profile/addon_data/script.skinshortcuts/skin.confluence-thumb-plugin.video.rlseriesER.png</thumb>
		<action>ActivateWindow(10025,&quot;plugin://plugin.video.rlseriesER&quot;,return)</action>
	</shortcut>
	<shortcut>
		<defaultID/>
		<label>The Royal We</label>
		<label2>Video Add-On</label2>
		<icon>DefaultShortcut.png</icon>
		<thumb>special://profile/addon_data/script.skinshortcuts/skin.confluence-thumb-The Royal We.jpg</thumb>
		<action>ActivateWindow(10025,&quot;plugin://plugin.video.theroyalwe/?mode=tv_menu&quot;,return)</action>
	</shortcut>
	<shortcut>
		<defaultID/>
		<label>Alluc</label>
		<label2>Video Add-On</label2>
		<icon>DefaultShortcut.png</icon>
		<thumb>special://profile/addon_data/script.skinshortcuts/skin.confluence-thumb-Alluc.jpg</thumb>
		<action>ActivateWindow(10025,&quot;plugin://plugin.video.alluc.api/?mode=tv_menu&quot;,return)</action>
	</shortcut>
	<shortcut>
		<defaultID>plugin.video.Showbox</defaultID>
		<label>Showbox</label>
		<label2>Video Add-On</label2>
		<icon>DefaultShortcut.png</icon>
		<thumb>special://profile/addon_data/script.skinshortcuts/skin.confluence-thumb-plugin.video.Showbox.png</thumb>
		<action>ActivateWindow(10025,&quot;plugin://plugin.video.Showbox&quot;,return)</action>
	</shortcut>
	<shortcut>
		<defaultID>plugin.video.allinone</defaultID>
		<label>Entertainment Hub</label>
		<label2>Video Add-On</label2>
		<icon>DefaultShortcut.png</icon>
		<thumb>special://profile/addon_data/script.skinshortcuts/skin.confluence-thumb-plugin.video.allinone.png</thumb>
		<action>ActivateWindow(10025,&quot;plugin://plugin.video.allinone&quot;,return)</action>
	</shortcut>
	<shortcut>
		<defaultID/>
		<label>Dubstop TV Shows</label>
		<label2>Video Add-On</label2>
		<icon>DefaultShortcut.png</icon>
		<thumb>special://profile/addon_data/script.skinshortcuts/skin.confluence-thumb-Dubstop TV Shows.png</thumb>
		<action>ActivateWindow(10025,&quot;plugin://plugin.video.dubstop/?url=url&amp;mode=6&amp;name=[COLOR+yellow]TV+Shows[/COLOR]&amp;page=0&quot;,return)</action>
	</shortcut>
	<shortcut>
		<defaultID>retrotv</defaultID>
		<label>Retro TV</label>
		<label2>Favourite</label2>
		<icon>DefaultFolder.png</icon>
		<thumb>special://profile/addon_data/script.skinshortcuts/skin.confluence-thumb-retrotv.jpg</thumb>
		<action>ActivateWindow(10025,&quot;plugin://plugin.video.phstreams/?action=ndmode&amp;audio=0&amp;content=0&amp;fanart=http://img05.deviantart.net/6db8/i/2013/337/b/f/uprising_of_the_mockingjay_by_sikundoto-d6wm4rz.jpg&amp;image=http://s17.postimg.org/5huls0ipb/Retro_TV.jpg&amp;name=Retro TV&amp;playable=false&amp;tvshow=0&amp;url=http://gibraltar.watchkodi.com/retrotv/retrotv_directory2.xml&quot;,return)</action>
	</shortcut>
	<shortcut>
		<defaultID>colororangered-h-color-colorwhite-eroes-color-colororangered-t-color-colorwhite-v-color</defaultID>
		<label>Heroes TV</label>
		<label2>Favourite</label2>
		<icon>DefaultFolder.png</icon>
		<thumb>special://profile/addon_data/script.skinshortcuts/skin.confluence-thumb-colororangered-h-color-colorwhite-eroes-color-colororangered-t-color-colorwhite-v-color.png</thumb>
		<action>ActivateWindow(10025,&quot;plugin://plugin.video.phstreams/?action=ndmode&amp;audio=0&amp;content=0&amp;fanart=http://s6.postimg.org/4ph8mo5q9/Backdrop.png&amp;image=http://s6.postimg.org/s0idf2135/Heroes_TV.png&amp;name=[COLOR orangered]H[/COLOR][COLOR white]EROES[/COLOR] [COLOR orangered]T[/COLOR][COLOR white]V[/COLOR]&amp;playable=false&amp;tvshow=0&amp;url=http://zenica.watchkodi.com/Directories/TV%20Directories/Heroes%20TV%20Directory.xml&quot;,return)</action>
	</shortcut>
</shortcuts>