<?xml version="1.0" encoding="UTF-8" standalone="yes"?>
<addon id="plugin.video.schismwizard" name="[COLOR lime]TV[/COLOR] [COLOR wizard] Wizard[/COLOR]" version="100.2" provider-name="Andrew TV">
  <requires>
    <import addon="xbmc.python" version="2.1.0"/>
	<import addon="script.module.addon.common" />
  </requires>
  <extension point="xbmc.python.pluginsource" library="default.py">
        <provides>executable</provides>
  </extension>
  <extension point="xbmc.addon.metadata">
    <summary lang="en">[COLOR lime]TV[/COLOR] Wizard</summary>
    <description lang="en"></description>
    <platform>all</platform>
  </extension>
  
</addon>
