<?xml version="1.0" encoding="utf-8" ?><dwsync><file name=".DS_Store" server="ftp.offshoregit.com" local="3535850836" remote="318763443928769172" Dst="-1" /><file name="__init__.py" server="ftp.offshoregit.com" local="3535823830" remote="318763443928587792" Dst="-1" /><file name="afdah.py" server="ftp.offshoregit.com" local="3535823830" remote="318763443928769172" Dst="-1" /><file name="iwatchonline.py" server="ftp.offshoregit.com" local="3535823830" remote="318763443928769172" Dst="-1" /><file name="main_scrape.py" server="ftp.offshoregit.com" local="3535842176" remote="318763443928769172" Dst="-1" /><file name="merdb.py" server="ftp.offshoregit.com" local="3535823830" remote="318763443928769172" Dst="-1" /><file name="nine_movies.py" server="ftp.offshoregit.com" local="3535823830" remote="318763443928769172" Dst="-1" /><file name="primewire.py" server="ftp.offshoregit.com" local="3535840400" remote="318763443928769172" Dst="-1" /><file name="twomovies.py" server="ftp.offshoregit.com" local="3535823830" remote="318763443928769172" Dst="-1" /><file name="zmovies.py" server="ftp.offshoregit.com" local="3535823830" remote="318763443928769172" Dst="-1" /><file name="ot3_movies.py" server="ftp.offshoregit.com" local="3535849386" remote="318763443928769172" Dst="-1" /><file name="moviehdmax.py" server="ftp.offshoregit.com" local="3535849386" remote="318763443928769172" Dst="-1" /></dwsync>