<?xml version="1.0" encoding="UTF-8" standalone="yes"?>
<addon id="plugin.video.totaltv"
	name=" [COLOR yellow]Total[/COLOR] TV"
	version="1.1.0"
	provider-name="SchisM">
  <requires>
    <import addon="xbmc.python" version="2.1.0"/>
    <import addon="script.module.beautifulsoup" version="3.2.1"/>
    <import addon="script.module.urlresolver" version="2.10.12" />
    <import addon="script.module.metahandler" />
    <import addon="script.module.axel.downloader" version="0.2.0" optional="true"/>
	<import addon="script.module.t0mm0.common" version="2.0.0"/>
    <import addon="script.module.pyxbmct" version="1.1.4" />
  </requires>
  <extension point="xbmc.python.pluginsource" library="default.py">
    <provides>video</provides>
  </extension>
  <extension point="xbmc.addon.metadata">
    <summary>Watch your favourite TV Shows!</summary>
        <description>Watch your favourites TV Shows! Credits goes to natko</description>
    
    <platform>all</platform>
    <forum></forum>
    
  </extension>
</addon>
