<?xml version="1.0" encoding="utf-8" ?><dwsync><file name="down_settings.png" server="ftp.offshoregit.com" local="3535823828" remote="318763443928769112" Dst="-1" /><file name="box_office.png" server="ftp.offshoregit.com" local="3535823828" remote="318763443928769112" Dst="-1" /><file name="gen_settings.png" server="ftp.offshoregit.com" local="3535823828" remote="318763443928769112" Dst="-1" /><file name="icon.png" server="ftp.offshoregit.com" local="3535823828" remote="318763443928769112" Dst="-1" /><file name="manage_downloads.png" server="ftp.offshoregit.com" local="3535823828" remote="318763443928769112" Dst="-1" /><file name="most_collected.png" server="ftp.offshoregit.com" local="3535823828" remote="318763443928769112" Dst="-1" /><file name="fanart.jpg" server="ftp.offshoregit.com" local="3535823828" remote="318763443928769112" Dst="-1" /><file name="most_collected_tv.png" server="ftp.offshoregit.com" local="3535823828" remote="318763443928769112" Dst="-1" /><file name="most_played.png" server="ftp.offshoregit.com" local="3535823828" remote="318763443928769112" Dst="-1" /><file name="most_played_tv.png" server="ftp.offshoregit.com" local="3535823828" remote="318763443928769112" Dst="-1" /><file name="most_watched.png" server="ftp.offshoregit.com" local="3535823829" remote="318763443928769112" Dst="-1" /><file name="most_watched_tv.png" server="ftp.offshoregit.com" local="3535823829" remote="318763443928769112" Dst="-1" /><file name="movies.png" server="ftp.offshoregit.com" local="3535823829" remote="318763443928769112" Dst="-1" /><file name="my_tv_collection.png" server="ftp.offshoregit.com" local="3535823829" remote="318763443928769112" Dst="-1" /><file name="my_collection.png" server="ftp.offshoregit.com" local="3535823829" remote="318763443928769112" Dst="-1" /><file name="my_tv_watchlist.png" server="ftp.offshoregit.com" local="3535823829" remote="318763443928769112" Dst="-1" /><file name="popular_tv.png" server="ftp.offshoregit.com" local="3535823829" remote="318763443928769112" Dst="-1" /><file name="qr_code.png" server="ftp.offshoregit.com" local="3535823829" remote="318763443928769112" Dst="-1" /><file name="popular.png" server="ftp.offshoregit.com" local="3535823829" remote="318763443928769112" Dst="-1" /><file name="recomended.png" server="ftp.offshoregit.com" local="3535823829" remote="318763443928769112" Dst="-1" /><file name="resolver_settings.png" server="ftp.offshoregit.com" local="3535823829" remote="318763443928769112" Dst="-1" /><file name="scraper_settings.png" server="ftp.offshoregit.com" local="3535823829" remote="318763443928769112" Dst="-1" /><file name="search.png" server="ftp.offshoregit.com" local="3535823829" remote="318763443928769112" Dst="-1" /><file name="trakt_settings.png" server="ftp.offshoregit.com" local="3535823829" remote="318763443928769112" Dst="-1" /><file name="trakt.png" server="ftp.offshoregit.com" local="3535823829" remote="318763443928769112" Dst="-1" /><file name="trending.png" server="ftp.offshoregit.com" local="3535823829" remote="318763443928769112" Dst="-1" /><file name="trending_tv.png" server="ftp.offshoregit.com" local="3535823829" remote="318763443928769112" Dst="-1" /><file name="tv_antic.png" server="ftp.offshoregit.com" local="3535823829" remote="318763443928769112" Dst="-1" /><file name="tv_recomended.png" server="ftp.offshoregit.com" local="3535823829" remote="318763443928769112" Dst="-1" /><file name="tv_watchhistory.png" server="ftp.offshoregit.com" local="3535823829" remote="318763443928769112" Dst="-1" /><file name="tv_watchlist.png" server="ftp.offshoregit.com" local="3535823829" remote="318763443928769112" Dst="-1" /><file name="tvshows.png" server="ftp.offshoregit.com" local="3535823829" remote="318763443928769112" Dst="-1" /><file name="watchhistory.png" server="ftp.offshoregit.com" local="3535823830" remote="318763443928769172" Dst="-1" /><file name="watchlist.png" server="ftp.offshoregit.com" local="3535823830" remote="318763443928769172" Dst="-1" /></dwsync>