<?xml version="1.0" encoding="UTF-8" standalone="yes"?>
<addon id="plugin.video.schismwizard" name="[COLOR lime]SchisM TV[/COLOR] [COLOR wizard] Wizard[/COLOR]" version="1.26.2" provider-name="SchisM TV">
  <requires>
    <import addon="xbmc.python" version="2.1.0"/>
	<import addon="script.module.addon.common" />
  </requires>
  <extension point="xbmc.python.pluginsource" library="default.py">
        <provides>executable</provides>
  </extension>
  <extension point="xbmc.addon.metadata">
    <summary lang="en">[COLOR lime]SchisM TV[/COLOR] Wizard</summary>
    <description lang="en">Credits goes to Husham and TeamExpat for part of this wizard</description>
    <platform>all</platform>
  </extension>
</addon>
