<?xml version="1.0" encoding="UTF-8" standalone="yes"?>
<addon id="plugin.video.koditubers"
	name="KODI [COLOR red]Tubers[/COLOR]"
	version="1.0.3"
	provider-name="SchisM">
  <requires>
    <import addon="xbmc.python" version="2.1.0"/>
    <import addon="script.module.addon.common" version="2.0.0"/>
    <import addon="plugin.video.youtube" version="5.0.0"/>
  </requires>
  <extension point="xbmc.python.pluginsource" library="default.py">
    <provides>video</provides>
  </extension>
  <extension point="xbmc.addon.metadata">
    <summary lang="en">Youtube News and info on Kodi</summary>
    <description lang="en">Just the best channels for Kodi News and info... Credit goes to coldkeys... The order for the channels in this addon is totally random, it means nothing!!!</description>
    <platform>all</platform>
    <forum>n/a</forum>
    <website>n/a</website>
  </extension>
</addon>
